"date","counts"
2019-06-01 00:00:01,6.7428806357919
2019-06-01 01:00:01,6.3297209055227
2019-06-01 02:00:01,6.0137151560428
2019-06-01 03:00:01,5.27811465923052
2019-06-01 04:00:01,4.75359019110636
2019-06-01 05:00:01,4.48863636973214
2019-06-01 06:00:01,4.60517018598809
2019-06-01 07:00:01,5.27811465923052
2019-06-01 08:00:01,5.54517744447956
2019-06-01 09:00:01,6.1527326947041
2019-06-01 10:00:01,6.70196036600254
2019-06-01 11:00:01,7.04925484125584
2019-06-01 12:00:01,7.5740450053722
2019-06-01 13:00:01,7.76429600645052
2019-06-01 14:00:01,7.84658997529119
2019-06-01 15:00:01,7.91753635394363
2019-06-01 16:00:01,7.89655270164304
2019-06-01 17:00:01,7.93272102748195
2019-06-01 18:00:01,7.97590836016554
2019-06-01 19:00:01,8.05896001776942
2019-06-01 20:00:01,7.9291264873068
2019-06-01 21:00:01,7.75190533307861
2019-06-01 22:00:01,7.51534457118044
2019-06-01 23:00:01,7.21007962817079
2019-06-02 00:00:01,6.86066367144829
2019-06-02 01:00:01,6.50578406012823
2019-06-02 02:00:01,6.07073772800249
2019-06-02 03:00:01,5.8805329864007
2019-06-02 04:00:01,5.23644196282995
2019-06-02 05:00:01,4.74493212836325
2019-06-02 06:00:01,4.27666611901606
2019-06-02 07:00:01,5.2040066870768
2019-06-02 08:00:01,5.6021188208797
2019-06-02 09:00:01,6.12029741895095
2019-06-02 10:00:01,6.59714570188665
2019-06-02 11:00:01,6.94215670569947
2019-06-02 12:00:01,7.46049030582534
2019-06-02 13:00:01,7.66293785046154
2019-06-02 14:00:01,7.61874237767041
2019-06-02 15:00:01,7.63964228785801
2019-06-02 16:00:01,7.35500192110526
2019-06-02 17:00:01,7.46794233228585
2019-06-02 18:00:01,7.51697722460432
2019-06-02 19:00:01,7.59839932932396
2019-06-02 20:00:01,7.24494154633701
2019-06-02 21:00:01,6.82110747225646
2019-06-02 22:00:01,6.43133108193348
2019-06-02 23:00:01,5.73334127689775
2019-06-03 00:00:01,5.20948615284142
2019-06-03 01:00:01,4.44265125649032
2019-06-03 02:00:01,4.00733318523247
2019-06-03 03:00:01,3.89182029811063
2019-06-03 04:00:01,3.3322045101752
2019-06-03 05:00:01,4.17438726989564
2019-06-03 06:00:01,4.93447393313069
2019-06-03 07:00:01,5.61312810638807
2019-06-03 08:00:01,6.48768401848461
2019-06-03 09:00:01,6.39359075395063
2019-06-03 10:00:01,6.68085467879022
2019-06-03 11:00:01,6.94889722231331
2019-06-03 12:00:01,7.34471905414967
2019-06-03 13:00:01,7.2902928824466
2019-06-03 14:00:01,7.2848209125686
2019-06-03 15:00:01,7.28824440102012
2019-06-03 16:00:01,7.35627987655075
2019-06-03 17:00:01,7.53849499941346
2019-06-03 18:00:01,7.56579328242851
2019-06-03 19:00:01,7.51043055637801
2019-06-03 20:00:01,7.3125534981026
2019-06-03 21:00:01,6.82762923450285
2019-06-03 22:00:01,6.57228254269401
2019-06-03 23:00:01,6.07764224334903
2019-06-04 00:00:01,5.47227067367148
2019-06-04 01:00:01,4.12713438504509
2019-06-04 02:00:01,3.80666248977032
2019-06-04 03:00:01,3.98898404656427
2019-06-04 04:00:01,3.73766961828337
2019-06-04 05:00:01,4.36944785246702
2019-06-04 06:00:01,4.95582705760126
2019-06-04 07:00:01,5.80211837537706
2019-06-04 08:00:01,6.50578406012823
2019-06-04 09:00:01,6.56244409369372
2019-06-04 10:00:01,6.77650699237218
2019-06-04 11:00:01,7.13329595489607
2019-06-04 12:00:01,7.55903825544338
2019-06-04 13:00:01,7.63530388625941
2019-06-04 14:00:01,7.58680353516258
2019-06-04 15:00:01,7.5963923040642
2019-06-04 16:00:01,7.64921631982063
2019-06-04 17:00:01,7.83913164827433
2019-06-04 18:00:01,7.71289096149013
2019-06-04 19:00:01,7.71289096149013
2019-06-04 20:00:01,7.60986220091355
2019-06-04 21:00:01,7.18690102041163
2019-06-04 22:00:01,6.72262979485545
2019-06-04 23:00:01,6.20455776256869
2019-06-05 00:00:01,5.31811999384422
2019-06-05 01:00:01,4.9416424226093
2019-06-05 02:00:01,4.31748811353631
2019-06-05 03:00:01,3.76120011569356
2019-06-05 04:00:01,3.80666248977032
2019-06-05 05:00:01,4.36944785246702
2019-06-05 06:00:01,5.13579843705026
2019-06-05 07:00:01,5.75257263882563
2019-06-05 08:00:01,6.49375383985169
2019-06-05 09:00:01,6.49072353450251
2019-06-05 10:00:01,6.7286286130847
2019-06-05 11:00:01,7.12125245324454
2019-06-05 12:00:01,7.62168499872461
2019-06-05 13:00:01,7.67275789664251
2019-06-05 14:00:01,7.54062152865715
2019-06-05 15:00:01,7.63385355968177
2019-06-05 16:00:01,7.62559507213245
2019-06-05 17:00:01,7.82204400818562
2019-06-05 18:00:01,7.76937860951398
2019-06-05 19:00:01,7.75147531802146
2019-06-05 20:00:01,7.45414107814668
2019-06-05 21:00:01,7.33888813383888
2019-06-05 22:00:01,6.85856503479136
2019-06-05 23:00:01,6.27287700654617
2019-06-06 00:00:01,5.605802066296
2019-06-06 01:00:01,5.02388052084628
2019-06-06 02:00:01,4.35670882668959
2019-06-06 03:00:01,4.14313472639153
2019-06-06 04:00:01,3.76120011569356
2019-06-06 05:00:01,4.43081679884331
2019-06-06 06:00:01,5.31811999384422
2019-06-06 07:00:01,5.71702770140622
2019-06-06 08:00:01,6.51323011091231
2019-06-06 09:00:01,6.52209279817015
2019-06-06 10:00:01,6.84587987526405
2019-06-06 11:00:01,7.19593722647557
2019-06-06 12:00:01,7.72841577984104
2019-06-06 13:00:01,7.69938940625674
2019-06-06 14:00:01,7.55590509361135
2019-06-06 15:00:01,7.63916117165917
2019-06-06 16:00:01,7.63867982387611
2019-06-06 17:00:01,7.84893372636407
2019-06-06 18:00:01,7.89766815072691
2019-06-06 19:00:01,7.72973533138505
2019-06-06 20:00:01,7.55642796944025
2019-06-06 21:00:01,7.55642796944025
2019-06-06 22:00:01,7.09920174355309
2019-06-06 23:00:01,6.35610766069589
2019-06-07 00:00:01,6.15060276844628
2019-06-07 01:00:01,5.25749537202778
2019-06-07 02:00:01,5.29330482472449
2019-06-07 03:00:01,5.26269018890489
2019-06-07 04:00:01,5.30330490805908
2019-06-07 05:00:01,5.4553211153577
2019-06-07 06:00:01,5.5683445037611
2019-06-07 07:00:01,5.91079664404053
2019-06-07 08:00:01,6.73340189183736
2019-06-07 09:00:01,6.68586094706836
2019-06-07 10:00:01,6.8627579130514
2019-06-07 11:00:01,7.25629723969068
2019-06-07 12:00:01,7.72134861261795
2019-06-07 13:00:01,7.74543561027438
2019-06-07 14:00:01,7.55118686729615
2019-06-07 15:00:01,7.68616230349291
2019-06-07 16:00:01,7.81116338502528
2019-06-07 17:00:01,8.021256180144
2019-06-07 18:00:01,8.0532511535491
2019-06-07 19:00:01,7.8995244720322
2019-06-07 20:00:01,7.77904864492556
2019-06-07 21:00:01,7.92044650514261
2019-06-07 22:00:01,7.54009032014532
2019-06-07 23:00:01,7.3178761986265
2019-06-08 00:00:01,6.67456139181443
2019-06-08 01:00:01,6.11809719804135
2019-06-08 02:00:01,5.97635090929793
2019-06-08 03:00:01,5.50125821054473
2019-06-08 04:00:01,4.79579054559674
2019-06-08 05:00:01,4.49980967033027
2019-06-08 06:00:01,4.54329478227
2019-06-08 07:00:01,5.04342511691925
2019-06-08 08:00:01,5.65948221575962
2019-06-08 09:00:01,6.10031895202006
2019-06-08 10:00:01,6.69084227741856
2019-06-08 11:00:01,7.23201033166476
2019-06-08 12:00:01,7.59337419312129
2019-06-08 13:00:01,7.72973533138505
2019-06-08 14:00:01,7.80343505695217
2019-06-08 15:00:01,7.90544164906029
2019-06-08 16:00:01,7.83794891602528
2019-06-08 17:00:01,7.95120715647297
2019-06-08 18:00:01,8.01631789850341
2019-06-08 19:00:01,7.96901178110648
2019-06-08 20:00:01,7.9229859587112
2019-06-08 21:00:01,7.70526247486633
2019-06-08 22:00:01,7.46851327149634
2019-06-08 23:00:01,7.32778053842163
2019-06-09 00:00:01,6.87935580446044
2019-06-09 01:00:01,6.14203740558736
2019-06-09 02:00:01,5.8406416573734
2019-06-09 03:00:01,5.70044357339069
2019-06-09 04:00:01,4.91998092582813
2019-06-09 05:00:01,4.77912349311153
2019-06-09 06:00:01,4.34380542185368
2019-06-09 07:00:01,4.85203026391962
2019-06-09 08:00:01,5.56068163101553
2019-06-09 09:00:01,6.2363695902037
2019-06-09 10:00:01,6.68835471394676
2019-06-09 11:00:01,7.12044437239249
2019-06-09 12:00:01,7.62851762657506
2019-06-09 13:00:01,7.81762544305337
2019-06-09 14:00:01,7.77022320415879
2019-06-09 15:00:01,7.81116338502528
2019-06-09 16:00:01,7.69621263934641
2019-06-09 17:00:01,7.80628928926703
2019-06-09 18:00:01,7.87359778968554
2019-06-09 19:00:01,7.86633892304654
2019-06-09 20:00:01,7.74109909003537
2019-06-09 21:00:01,7.350516171834
2019-06-09 22:00:01,7.00033446027523
2019-06-09 23:00:01,6.61606518513282
2019-06-10 00:00:01,6.10702288774225
2019-06-10 01:00:01,5.82600010738045
2019-06-10 02:00:01,5.32787616878958
2019-06-10 03:00:01,5.57215403217776
2019-06-10 04:00:01,4.65396035015752
2019-06-10 05:00:01,4.33073334028633
2019-06-10 06:00:01,4.34380542185368
2019-06-10 07:00:01,5.15905529921453
2019-06-10 08:00:01,5.59098698051086
2019-06-10 09:00:01,6.09356977004514
2019-06-10 10:00:01,6.66057514983969
2019-06-10 11:00:01,7.1770187659099
2019-06-10 12:00:01,7.58882987830781
2019-06-10 13:00:01,7.78696700261487
2019-06-10 14:00:01,7.7367436824535
2019-06-10 15:00:01,7.83991936001258
2019-06-10 16:00:01,7.66199755890189
2019-06-10 17:00:01,7.76387128782022
2019-06-10 18:00:01,7.8995244720322
2019-06-10 19:00:01,7.67042852219069
2019-06-10 20:00:01,7.39510754656249
2019-06-10 21:00:01,7.08757370555797
2019-06-10 22:00:01,6.62007320653036
2019-06-10 23:00:01,6.03068526026126
2019-06-11 00:00:01,5.25227342804663
2019-06-11 01:00:01,4.77912349311153
2019-06-11 02:00:01,4.15888308335967
2019-06-11 03:00:01,3.78418963391826
2019-06-11 04:00:01,3.71357206670431
2019-06-11 05:00:01,3.89182029811063
2019-06-11 06:00:01,5.14749447681345
2019-06-11 07:00:01,5.76205138278018
2019-06-11 08:00:01,6.53087762772588
2019-06-11 09:00:01,6.41345895716736
2019-06-11 10:00:01,6.73933662735717
2019-06-11 11:00:01,7.12286665859908
2019-06-11 12:00:01,7.71199650704767
2019-06-11 13:00:01,7.66622192566273
2019-06-11 14:00:01,7.54433210805369
2019-06-11 15:00:01,7.54644627374602
2019-06-11 16:00:01,7.57814547241947
2019-06-11 17:00:01,7.82043951526218
2019-06-11 18:00:01,7.78862606562503
2019-06-11 19:00:01,7.67415292128168
2019-06-11 20:00:01,7.38770923908104
2019-06-11 21:00:01,7.20563517641036
2019-06-11 22:00:01,6.70196036600254
2019-06-11 23:00:01,6.07764224334903
2019-06-12 00:00:01,5.16478597392351
2019-06-12 01:00:01,4.66343909411207
2019-06-12 02:00:01,3.89182029811063
2019-06-12 03:00:01,4.15888308335967
2019-06-12 04:00:01,3.61091791264422
2019-06-12 05:00:01,4.64439089914137
2019-06-12 06:00:01,5.09375020080676
2019-06-12 07:00:01,5.66988092298052
2019-06-12 08:00:01,6.3456363608286
2019-06-12 09:00:01,6.53958595561767
2019-06-12 10:00:01,6.57786135772105
2019-06-12 11:00:01,6.99393297522319
2019-06-12 12:00:01,7.2902928824466
2019-06-12 13:00:01,7.48605261786314
2019-06-12 14:00:01,7.38212436573751
2019-06-12 15:00:01,7.43307534889858
2019-06-12 16:00:01,7.52725591937378
2019-06-12 17:00:01,7.73543335249969
2019-06-12 18:00:01,7.82484569102686
2019-06-12 19:00:01,7.65207074611648
2019-06-12 20:00:01,7.44190672805162
2019-06-12 21:00:01,7.11069612297883
2019-06-12 22:00:01,6.79122146272619
2019-06-12 23:00:01,6.04025471127741
2019-06-13 00:00:01,5.35658627467201
2019-06-13 01:00:01,4.76217393479776
2019-06-13 02:00:01,4.00733318523247
2019-06-13 03:00:01,3.76120011569356
2019-06-13 04:00:01,3.71357206670431
2019-06-13 05:00:01,4.39444915467244
2019-06-13 06:00:01,5.12396397940326
2019-06-13 07:00:01,5.78382518232974
2019-06-13 08:00:01,6.52795791762255
2019-06-13 09:00:01,6.4723462945009
2019-06-13 10:00:01,6.77764659363512
2019-06-13 11:00:01,7.18614430452233
2019-06-13 12:00:01,7.68017564043659
2019-06-13 13:00:01,7.6511201757027
2019-06-13 14:00:01,7.57967882309046
2019-06-13 15:00:01,7.6182510978767
2019-06-13 16:00:01,7.6506445514369
2019-06-13 17:00:01,7.9098566672694
2019-06-13 18:00:01,7.78572089653462
2019-06-13 19:00:01,7.6251071482389
2019-06-13 20:00:01,7.24494154633701
2019-06-13 21:00:01,7.22183582528845
2019-06-13 22:00:01,6.96034772910131
2019-06-13 23:00:01,6.89162589705225
2019-06-14 00:00:01,5.85793315448346
2019-06-14 01:00:01,4.85203026391962
2019-06-14 02:00:01,4.52178857704904
2019-06-14 03:00:01,4.26267987704132
2019-06-14 04:00:01,4.27666611901606
2019-06-14 05:00:01,4.64439089914137
2019-06-14 06:00:01,5.26269018890489
2019-06-14 07:00:01,5.64190707093811
2019-06-14 08:00:01,6.51471269087253
2019-06-14 09:00:01,6.38687931936265
2019-06-14 10:00:01,6.74405918631135
2019-06-14 11:00:01,7.26403014289953
2019-06-14 12:00:01,7.67322312112171
2019-06-14 13:00:01,7.76387128782022
2019-06-14 14:00:01,7.68109900153636
2019-06-14 15:00:01,7.68616230349291
2019-06-14 16:00:01,7.74802852443238
2019-06-14 17:00:01,7.8804263442924
2019-06-14 18:00:01,7.80669637252118
2019-06-14 19:00:01,7.82724090175281
2019-06-14 20:00:01,7.76768727718691
2019-06-14 21:00:01,7.80016307039296
2019-06-14 22:00:01,7.54802896993501
2019-06-14 23:00:01,7.20785987143248
2019-06-15 00:00:01,6.68835471394676
2019-06-15 01:00:01,6.21060007702465
2019-06-15 02:00:01,5.77144112313002
2019-06-15 03:00:01,5.31320597904179
2019-06-15 04:00:01,4.72738781871234
2019-06-15 05:00:01,4.71849887129509
2019-06-15 06:00:01,4.45434729625351
2019-06-15 07:00:01,4.88280192258637
2019-06-15 08:00:01,5.70711026474888
2019-06-15 09:00:01,6.04263283368238
2019-06-15 10:00:01,6.67203294546107
2019-06-15 11:00:01,7.11558212618445
2019-06-15 12:00:01,7.52994337060159
2019-06-15 13:00:01,7.75662333453886
2019-06-15 14:00:01,7.81762544305337
2019-06-15 15:00:01,7.78447323573647
2019-06-15 16:00:01,7.79564653633459
2019-06-15 17:00:01,7.79358680337158
2019-06-15 18:00:01,7.85205020726589
2019-06-15 19:00:01,7.93343838762749
2019-06-15 20:00:01,7.8770178956224
2019-06-15 21:00:01,7.65633716643018
2019-06-15 22:00:01,7.39694860262101
2019-06-15 23:00:01,7.18083119904456
2019-06-16 00:00:01,6.7696419768525
2019-06-16 01:00:01,6.41673228251233
2019-06-16 02:00:01,5.9427993751267
2019-06-16 03:00:01,5.8171111599632
2019-06-16 04:00:01,5.07517381523383
2019-06-16 05:00:01,4.57471097850338
2019-06-16 06:00:01,4.78749174278205
2019-06-16 07:00:01,4.99721227376411
2019-06-16 08:00:01,5.34233425196481
2019-06-16 09:00:01,6.03068526026126
2019-06-16 10:00:01,6.61873898351722
2019-06-16 11:00:01,7.03262426102801
2019-06-16 12:00:01,7.52240023138712
2019-06-16 13:00:01,7.64778604544093
2019-06-16 14:00:01,7.65539064482615
2019-06-16 15:00:01,7.30518821539304
2019-06-16 16:00:01,7.54802896993501
2019-06-16 17:00:01,7.72312009226633
2019-06-16 18:00:01,7.54855597916987
2019-06-16 19:00:01,7.58273848891441
2019-06-16 20:00:01,7.34794382314869
2019-06-16 21:00:01,6.99301512293296
2019-06-16 22:00:01,6.5206211275587
2019-06-16 23:00:01,6.01615715969835
2019-06-17 00:00:01,5.56068163101553
2019-06-17 01:00:01,4.58496747867057
2019-06-17 02:00:01,4.18965474202643
2019-06-17 03:00:01,4.27666611901606
2019-06-17 04:00:01,3.71357206670431
2019-06-17 05:00:01,4.46590811865458
2019-06-17 06:00:01,5.18738580584075
2019-06-17 07:00:01,5.72358510195238
2019-06-17 08:00:01,6.44571981938558
2019-06-17 09:00:01,6.33505425149806
2019-06-17 10:00:01,6.77878489768518
2019-06-17 11:00:01,7.13329595489607
2019-06-17 12:00:01,7.62364194651157
2019-06-17 13:00:01,7.59034694560257
2019-06-17 14:00:01,7.56734567601324
2019-06-17 15:00:01,7.56631101477246
2019-06-17 16:00:01,7.56837926783652
2019-06-17 17:00:01,7.78904040165748
2019-06-17 18:00:01,7.67740043051481
2019-06-17 19:00:01,7.64969262371151
2019-06-17 20:00:01,7.4318919168078
2019-06-17 21:00:01,7.1420365747068
2019-06-17 22:00:01,6.58892647753352
2019-06-17 23:00:01,5.88887795833288
2019-06-18 00:00:01,5.2040066870768
2019-06-18 01:00:01,4.56434819146784
2019-06-18 02:00:01,4.26267987704132
2019-06-18 03:00:01,3.58351893845611
2019-06-18 04:00:01,3.40119738166216
2019-06-18 05:00:01,4.36944785246702
2019-06-18 06:00:01,5.25749537202778
2019-06-18 07:00:01,5.73009978297357
2019-06-18 08:00:01,6.51174532964473
2019-06-18 09:00:01,6.37672694789863
2019-06-18 10:00:01,6.58479139238572
2019-06-18 11:00:01,6.93049476595163
2019-06-18 12:00:01,7.53583046279837
2019-06-18 13:00:01,7.51152464839087
2019-06-18 14:00:01,7.40913644392013
2019-06-18 15:00:01,7.27239839257005
2019-06-18 16:00:01,7.40184157874383
2019-06-18 17:00:01,7.69028602067677
2019-06-18 18:00:01,7.66481578528574
2019-06-18 19:00:01,7.56216163122565
2019-06-18 20:00:01,7.36137542897735
2019-06-18 21:00:01,7.0604763659998
2019-06-18 22:00:01,6.58892647753352
2019-06-18 23:00:01,5.98141421125448
2019-06-19 00:00:01,5.19295685089021
2019-06-19 01:00:01,4.51085950651685
2019-06-19 02:00:01,3.85014760171006
2019-06-19 03:00:01,3.04452243772342
2019-06-19 04:00:01,3.46573590279973
2019-06-19 05:00:01,4.14313472639153
2019-06-19 06:00:01,5.17614973257383
2019-06-19 07:00:01,5.64544689764324
2019-06-19 08:00:01,6.40687998606931
2019-06-19 09:00:01,6.47389069635227
2019-06-19 10:00:01,6.72503364216684
2019-06-19 11:00:01,7.09589322109753
2019-06-19 12:00:01,7.5076900778199
2019-06-19 13:00:01,7.52779398772144
2019-06-19 14:00:01,7.50273821075485
2019-06-19 15:00:01,7.56837926783652
2019-06-19 16:00:01,7.54644627374602
2019-06-19 17:00:01,7.73892375743946
2019-06-19 18:00:01,7.73236922228439
2019-06-19 19:00:01,7.63964228785801
2019-06-19 20:00:01,7.49387388678356
2019-06-19 21:00:01,7.2152399787301
2019-06-19 22:00:01,6.76157276880406
2019-06-19 23:00:01,6.23441072571837
2019-06-20 00:00:01,5.35185813347607
2019-06-20 01:00:01,5.15329159449778
2019-06-20 02:00:01,4.26267987704132
2019-06-20 03:00:01,3.76120011569356
2019-06-20 04:00:01,3.46573590279973
2019-06-20 05:00:01,4.85203026391962
2019-06-20 06:00:01,5.33271879326537
2019-06-20 07:00:01,5.75890177387728
2019-06-20 08:00:01,6.37331978957701
2019-06-20 09:00:01,6.45047042214418
2019-06-20 10:00:01,6.5424719605068
2019-06-20 11:00:01,6.9555926083963
2019-06-20 12:00:01,7.59085212368858
2019-06-20 13:00:01,7.58018941794454
2019-06-20 14:00:01,7.50604217851812
2019-06-20 15:00:01,7.41517510961329
2019-06-20 16:00:01,7.57147364885127
2019-06-20 17:00:01,7.83478810738819
2019-06-20 18:00:01,7.77821147451249
2019-06-20 19:00:01,7.52833176670725
2019-06-20 20:00:01,7.41276401742656
2019-06-20 21:00:01,7.36581283720947
2019-06-20 22:00:01,7.0184017990692
2019-06-20 23:00:01,6.43454651878745
2019-06-21 00:00:01,5.90536184805457
2019-06-21 01:00:01,5.23110861685459
2019-06-21 02:00:01,4.55387689160054
2019-06-21 03:00:01,4.26267987704132
2019-06-21 04:00:01,3.73766961828337
2019-06-21 05:00:01,4.30406509320417
2019-06-21 06:00:01,5.2257466737132
2019-06-21 07:00:01,5.54126354515843
2019-06-21 08:00:01,6.42162226780652
2019-06-21 09:00:01,6.54678541076052
2019-06-21 10:00:01,6.64248680136726
2019-06-21 11:00:01,7.15695636461564
2019-06-21 12:00:01,7.64491934495886
2019-06-21 13:00:01,7.66996199547358
2019-06-21 14:00:01,7.65254569269392
2019-06-21 15:00:01,7.65396918047877
2019-06-21 16:00:01,7.7106533235012
2019-06-21 17:00:01,8.15937473677543
2019-06-21 18:00:01,8.277411998949
2019-06-21 19:00:01,7.97418866928601
2019-06-21 20:00:01,7.82204400818562
2019-06-21 21:00:01,7.8164169836918
2019-06-21 22:00:01,7.6231530684769
2019-06-21 23:00:01,7.27517231945277
2019-06-22 00:00:01,6.64768837356333
2019-06-22 01:00:01,6.18001665365257
2019-06-22 02:00:01,5.92958914338989
2019-06-22 03:00:01,5.47227067367148
2019-06-22 04:00:01,5.20948615284142
2019-06-22 05:00:01,4.81218435537242
2019-06-22 06:00:01,4.80402104473326
2019-06-22 07:00:01,5.35658627467201
2019-06-22 08:00:01,5.67675380226828
2019-06-22 09:00:01,6.16120732169508
2019-06-22 10:00:01,6.7286286130847
2019-06-22 11:00:01,7.2211050981825
2019-06-22 12:00:01,7.60738142563979
2019-06-22 13:00:01,7.7931743471892
2019-06-22 14:00:01,7.82284529027977
2019-06-22 15:00:01,7.8046592970561
2019-06-22 16:00:01,7.79358680337158
2019-06-22 17:00:01,7.86403565907245
2019-06-22 18:00:01,7.86211221166275
2019-06-22 19:00:01,7.9287663216267
2019-06-22 20:00:01,7.82803803212583
2019-06-22 21:00:01,7.71512360363211
2019-06-22 22:00:01,7.46450983463653
2019-06-22 23:00:01,7.20637729147225
2019-06-23 00:00:01,6.82001636467413
2019-06-23 01:00:01,6.39024066706535
2019-06-23 02:00:01,5.88332238848828
2019-06-23 03:00:01,5.68697535633982
2019-06-23 04:00:01,4.99043258677874
2019-06-23 05:00:01,4.63472898822964
2019-06-23 06:00:01,4.30406509320417
2019-06-23 07:00:01,4.72738781871234
2019-06-23 08:00:01,5.27811465923052
2019-06-23 09:00:01,5.89715386763674
2019-06-23 10:00:01,6.42486902390539
2019-06-23 11:00:01,6.88755257166462
2019-06-23 12:00:01,7.42476176182321
2019-06-23 13:00:01,7.59387784460512
2019-06-23 14:00:01,7.59488438721652
2019-06-23 15:00:01,7.62851762657506
2019-06-23 16:00:01,7.54908271081229
2019-06-23 17:00:01,7.6182510978767
2019-06-23 18:00:01,7.61332497954064
2019-06-23 19:00:01,7.56992765524265
2019-06-23 20:00:01,7.40974195408092
2019-06-23 21:00:01,7.09090982207998
2019-06-23 22:00:01,6.57088296233958
2019-06-23 23:00:01,5.94017125272043
2019-06-24 00:00:01,5.15329159449778
2019-06-24 01:00:01,4.77912349311153
2019-06-24 02:00:01,4.02535169073515
2019-06-24 03:00:01,3.55534806148941
2019-06-24 04:00:01,3.61091791264422
2019-06-24 05:00:01,4.64439089914137
2019-06-24 06:00:01,5.10594547390058
2019-06-24 07:00:01,5.73979291217923
2019-06-24 08:00:01,6.38350663488401
2019-06-24 09:00:01,6.29710931993394
2019-06-24 10:00:01,6.7093043402583
2019-06-24 11:00:01,6.97354301952014
2019-06-24 12:00:01,7.55590509361135
2019-06-24 13:00:01,7.67647364638916
2019-06-24 14:00:01,7.49276030092238
2019-06-24 15:00:01,7.58018941794454
2019-06-24 16:00:01,7.60539236481493
2019-06-24 17:00:01,7.79688034278352
2019-06-24 18:00:01,7.70210434005105
2019-06-24 19:00:01,7.69028602067677
2019-06-24 20:00:01,7.33302301438648
2019-06-24 21:00:01,7.04053639021596
2019-06-24 22:00:01,6.46614472423762
2019-06-24 23:00:01,6.07534603108868
2019-06-25 00:00:01,5.28826703069454
2019-06-25 01:00:01,4.65396035015752
2019-06-25 02:00:01,3.73766961828337
2019-06-25 03:00:01,3.93182563272433
2019-06-25 04:00:01,3.58351893845611
2019-06-25 05:00:01,4.43081679884331
2019-06-25 06:00:01,5.06259503302697
2019-06-25 07:00:01,5.56068163101553
2019-06-25 08:00:01,6.35088571671474
2019-06-25 09:00:01,6.42324696353352
2019-06-25 10:00:01,6.75809450442773
2019-06-25 11:00:01,7.12929754892937
2019-06-25 12:00:01,7.68708015578313
2019-06-25 13:00:01,7.71512360363211
2019-06-25 14:00:01,7.63530388625941
2019-06-25 15:00:01,7.64539769942863
2019-06-25 16:00:01,7.70930833338587
2019-06-25 17:00:01,7.83597458172157
2019-06-25 18:00:01,7.82003798945875
2019-06-25 19:00:01,7.78239033558746
2019-06-25 20:00:01,7.54062152865715
2019-06-25 21:00:01,7.16239749735572
2019-06-25 22:00:01,6.76734312526539
2019-06-25 23:00:01,6.24997524225948
2019-06-26 00:00:01,5.46383180502561
2019-06-26 01:00:01,4.85981240436167
2019-06-26 02:00:01,4.34380542185368
2019-06-26 03:00:01,4.30406509320417
2019-06-26 04:00:01,2.99573227355399
2019-06-26 05:00:01,4.23410650459726
2019-06-26 06:00:01,5.12396397940326
2019-06-26 07:00:01,5.65948221575962
2019-06-26 08:00:01,6.42486902390539
2019-06-26 09:00:01,6.45833828334479
2019-06-26 10:00:01,6.93439720992856
2019-06-26 11:00:01,7.27793857294566
2019-06-26 12:00:01,7.67971363996637
2019-06-26 13:00:01,7.63336964967958
2019-06-26 14:00:01,7.57558465155779
2019-06-26 15:00:01,7.67925142595306
2019-06-26 16:00:01,7.69712131728263
2019-06-26 17:00:01,7.8458075026378
2019-06-26 18:00:01,7.85243908535751
2019-06-26 19:00:01,7.77443551030296
2019-06-26 20:00:01,7.57301725605255
2019-06-26 21:00:01,7.26892012819372
2019-06-26 22:00:01,6.82001636467413
2019-06-26 23:00:01,6.34738920965601
2019-06-27 00:00:01,5.48893772615669
2019-06-27 01:00:01,4.99043258677874
2019-06-27 02:00:01,4.66343909411207
2019-06-27 03:00:01,4.20469261939097
2019-06-27 04:00:01,3.66356164612965
2019-06-27 05:00:01,4.69134788222914
2019-06-27 06:00:01,5.26269018890489
2019-06-27 07:00:01,5.70711026474888
2019-06-27 08:00:01,6.3818160174061
2019-06-27 09:00:01,6.48157712927643
2019-06-27 10:00:01,6.85540879860993
2019-06-27 11:00:01,7.16162200293919
2019-06-27 12:00:01,7.72753511047545
2019-06-27 13:00:01,7.76768727718691
2019-06-27 14:00:01,7.64204440287326
2019-06-27 15:00:01,7.69621263934641
2019-06-27 16:00:01,7.75190533307861
2019-06-27 17:00:01,7.83676478326407
2019-06-27 18:00:01,7.94200680848986
2019-06-27 19:00:01,7.71779621101358
2019-06-27 20:00:01,7.54697411751653
2019-06-27 21:00:01,7.45760928971561
2019-06-27 22:00:01,6.97166860472579
2019-06-27 23:00:01,6.4723462945009
2019-06-28 00:00:01,5.93489419561959
2019-06-28 01:00:01,5.53733426701854
2019-06-28 02:00:01,4.93447393313069
2019-06-28 03:00:01,4.72738781871234
2019-06-28 04:00:01,4.34380542185368
2019-06-28 05:00:01,4.61512051684126
2019-06-28 06:00:01,5.12989871492307
2019-06-28 07:00:01,5.63835466933375
2019-06-28 08:00:01,6.37161184723186
2019-06-28 09:00:01,6.40522845803084
2019-06-28 10:00:01,6.76619171466035
2019-06-28 11:00:01,7.09589322109753
2019-06-28 12:00:01,7.61184239958042
2019-06-28 13:00:01,7.77233157516961
2019-06-28 14:00:01,7.69712131728263
2019-06-28 15:00:01,7.82684209815829
2019-06-28 16:00:01,7.83755436088108
2019-06-28 17:00:01,8.06683531441734
2019-06-28 18:00:01,8.07682603129881
2019-06-28 19:00:01,7.93808872689695
2019-06-28 20:00:01,7.86672228513673
2019-06-28 21:00:01,7.85709386490249
2019-06-28 22:00:01,7.61233683716775
2019-06-28 23:00:01,7.34342622914737
2019-06-29 00:00:01,6.91174730025167
2019-06-29 01:00:01,6.46146817635372
2019-06-29 02:00:01,6.03787091992214
2019-06-29 03:00:01,5.58724865840025
2019-06-29 04:00:01,4.99043258677874
2019-06-29 05:00:01,4.87519732320115
2019-06-29 06:00:01,4.52178857704904
2019-06-29 07:00:01,5.06890420222023
2019-06-29 08:00:01,5.52942908751142
2019-06-29 09:00:01,6.1463292576689
2019-06-29 10:00:01,6.62804137617953
2019-06-29 11:00:01,7.03878354138854
2019-06-29 12:00:01,7.27793857294566
2019-06-29 13:00:01,7.25559127425367
2019-06-29 14:00:01,7.30988148582479
2019-06-29 15:00:01,7.53583046279837
2019-06-29 16:00:01,7.27517231945277
2019-06-29 17:00:01,7.34923082461333
2019-06-29 18:00:01,7.56941179245071
2019-06-29 19:00:01,7.70255611326858
2019-06-29 20:00:01,7.6004023345004
2019-06-29 21:00:01,7.50108212425987
2019-06-29 22:00:01,7.39572160860205
2019-06-29 23:00:01,6.99393297522319
2019-06-30 00:00:01,6.70686233660275
2019-06-30 01:00:01,6.2803958389602
2019-06-30 02:00:01,5.99893656194668
2019-06-30 03:00:01,5.63478960316925
2019-06-30 04:00:01,5.0998664278242
2019-06-30 05:00:01,4.59511985013459
2019-06-30 06:00:01,4.15888308335967
2019-06-30 07:00:01,5.01727983681492
2019-06-30 08:00:01,5.32787616878958
2019-06-30 09:00:01,5.84354441703136
2019-06-30 10:00:01,6.54965074223381
2019-06-30 11:00:01,7.08086789669078
2019-06-30 12:00:01,7.48380668766583
2019-06-30 13:00:01,7.68248244653451
2019-06-30 14:00:01,7.74109909003537
2019-06-30 15:00:01,7.78364059622125
2019-06-30 16:00:01,7.95402108727804
2019-06-30 17:00:01,7.73193072194849
2019-06-30 18:00:01,7.62413058566129
2019-06-30 19:00:01,7.58528107863913
2019-06-30 20:00:01,7.35308192051543
2019-06-30 21:00:01,6.99942246750796
2019-06-30 22:00:01,6.75460409948796
2019-06-30 23:00:01,6.18001665365257
2019-07-01 00:00:01,5.52942908751142
2019-07-01 01:00:01,4.70953020131233
2019-07-01 02:00:01,3.91202300542815
2019-07-01 03:00:01,4.24849524204936
2019-07-01 04:00:01,3.63758615972639
2019-07-01 05:00:01,4.39444915467244
2019-07-01 06:00:01,5.05624580534831
2019-07-01 07:00:01,5.57215403217776
2019-07-01 08:00:01,6.47543271670409
2019-07-01 09:00:01,6.52502965784346
2019-07-01 10:00:01,6.69208374250663
2019-07-01 11:00:01,7.1276936993474
2019-07-01 12:00:01,7.75448154747038
2019-07-01 13:00:01,7.76641689801966
2019-07-01 14:00:01,7.65539064482615
2019-07-01 15:00:01,7.72046169459972
2019-07-01 16:00:01,7.64873978895624
2019-07-01 17:00:01,7.76302130901852
2019-07-01 18:00:01,7.70751219460034
2019-07-01 19:00:01,7.57967882309046
2019-07-01 20:00:01,7.4318919168078
2019-07-01 21:00:01,7.08757370555797
2019-07-01 22:00:01,6.64509096950564
2019-07-01 23:00:01,5.91350300563827
2019-07-02 00:00:01,5.30330490805908
2019-07-02 01:00:01,4.63472898822964
2019-07-02 02:00:01,3.76120011569356
2019-07-02 03:00:01,3.61091791264422
2019-07-02 04:00:01,2.77258872223978
2019-07-02 05:00:01,4.36944785246702
2019-07-02 06:00:01,5.17048399503815
2019-07-02 07:00:01,5.64897423816121
2019-07-02 08:00:01,6.33682573114644
2019-07-02 09:00:01,6.53087762772588
2019-07-02 10:00:01,6.70318811324086
2019-07-02 11:00:01,7.18462915271731
2019-07-02 12:00:01,7.7106533235012
2019-07-02 13:00:01,7.85709386490249
2019-07-02 14:00:01,7.70120018085745
2019-07-02 15:00:01,7.76726399675731
2019-07-02 16:00:01,7.76131918094799
2019-07-02 17:00:01,7.8984110928116
2019-07-02 18:00:01,7.82124208352356
2019-07-02 19:00:01,7.70436116791031
2019-07-02 20:00:01,7.45414107814668
2019-07-02 21:00:01,7.23705902612474
2019-07-02 22:00:01,6.77308037565554
2019-07-02 23:00:01,6.13339804299665
2019-07-03 00:00:01,5.53733426701854
2019-07-03 01:00:01,4.8283137373023
2019-07-03 02:00:01,4.18965474202643
2019-07-03 03:00:01,3.80666248977032
2019-07-03 04:00:01,3.58351893845611
2019-07-03 05:00:01,4.67282883446191
2019-07-03 06:00:01,5.26785815906333
2019-07-03 07:00:01,5.70044357339069
2019-07-03 08:00:01,6.38687931936265
2019-07-03 09:00:01,6.63594655568665
2019-07-03 10:00:01,6.63200177739563
2019-07-03 11:00:01,7.25559127425367
2019-07-03 12:00:01,7.70796153183549
2019-07-03 13:00:01,7.82284529027977
2019-07-03 14:00:01,7.71957398925958
2019-07-03 15:00:01,7.77022320415879
2019-07-03 16:00:01,7.72488843932307
2019-07-03 17:00:01,7.92443418488756
2019-07-03 18:00:01,7.92153563213355
2019-07-03 19:00:01,7.80098207125774
2019-07-03 20:00:01,7.62657020629066
2019-07-03 21:00:01,7.3356339819272
2019-07-03 22:00:01,6.82219739062049
2019-07-03 23:00:01,6.3456363608286
2019-07-04 00:00:01,5.57215403217776
2019-07-04 01:00:01,5.04342511691925
2019-07-04 02:00:01,3.8286413964891
2019-07-04 03:00:01,3.80666248977032
2019-07-04 04:00:01,3.25809653802148
2019-07-04 05:00:01,4.43081679884331
2019-07-04 06:00:01,5.12989871492307
2019-07-04 07:00:01,5.64897423816121
2019-07-04 08:00:01,6.38350663488401
2019-07-04 09:00:01,6.47389069635227
2019-07-04 10:00:01,6.69332366826995
2019-07-04 11:00:01,7.06731984865348
2019-07-04 12:00:01,7.614312146452
2019-07-04 13:00:01,7.77148876011762
2019-07-04 14:00:01,7.70165236264223
2019-07-04 15:00:01,7.73543335249969
2019-07-04 16:00:01,7.68202151082687
2019-07-04 17:00:01,7.91753635394363
2019-07-04 18:00:01,7.88608140177575
2019-07-04 19:00:01,7.68799716639302
2019-07-04 20:00:01,7.52779398772144
2019-07-04 21:00:01,7.48661331313996
2019-07-04 22:00:01,7.05012252026906
2019-07-04 23:00:01,6.3456363608286
2019-07-05 00:00:01,5.82304589548302
2019-07-05 01:00:01,5.03043792139244
2019-07-05 02:00:01,4.44265125649032
2019-07-05 03:00:01,4.35670882668959
2019-07-05 04:00:01,3.89182029811063
2019-07-05 05:00:01,4.55387689160054
2019-07-05 06:00:01,5.16478597392351
2019-07-05 07:00:01,5.48893772615669
2019-07-05 08:00:01,6.3261494731551
2019-07-05 09:00:01,6.4150969591716
2019-07-05 10:00:01,6.69950034016168
2019-07-05 11:00:01,7.29505641646263
2019-07-05 12:00:01,7.81843027207066
2019-07-05 13:00:01,7.8739783796045
2019-07-05 14:00:01,7.78322401633604
2019-07-05 15:00:01,7.74759683869289
2019-07-05 16:00:01,7.7848892956551
2019-07-05 17:00:01,8.03980234373648
2019-07-05 18:00:01,8.06965530688617
2019-07-05 19:00:01,7.91242312147371
2019-07-05 20:00:01,7.80954132465341
2019-07-05 21:00:01,7.85979918056211
2019-07-05 22:00:01,7.49276030092238
2019-07-05 23:00:01,7.22548147278229
2019-07-06 00:00:01,6.78897174299217
2019-07-06 01:00:01,6.33682573114644
2019-07-06 02:00:01,5.60947179518496
2019-07-06 03:00:01,5.29831736654804
2019-07-06 04:00:01,4.85203026391962
2019-07-06 05:00:01,4.81218435537242
2019-07-06 06:00:01,4.71849887129509
2019-07-06 07:00:01,5.6021188208797
2019-07-06 08:00:01,5.71702770140622
2019-07-06 09:00:01,6.19031540585315
2019-07-06 10:00:01,6.62671774924902
2019-07-06 11:00:01,7.19893124068817
2019-07-06 12:00:01,7.5740450053722
2019-07-06 13:00:01,7.65302041380419
2019-07-06 14:00:01,7.78986855905471
2019-07-06 15:00:01,7.86326672400957
2019-07-06 16:00:01,7.82204400818562
2019-07-06 17:00:01,7.88645727097769
2019-07-06 18:00:01,7.88269220628903
2019-07-06 19:00:01,7.88645727097769
2019-07-06 20:00:01,7.85127199710988
2019-07-06 21:00:01,7.7007477945118
2019-07-06 22:00:01,7.43838353004431
2019-07-06 23:00:01,7.19593722647557
2019-07-07 00:00:01,6.75460409948796
2019-07-07 01:00:01,6.42162226780652
2019-07-07 02:00:01,5.93224518744801
2019-07-07 03:00:01,5.47227067367148
2019-07-07 04:00:01,4.99043258677874
2019-07-07 05:00:01,4.89783979995091
2019-07-07 06:00:01,4.21950770517611
2019-07-07 07:00:01,5.11198778835654
2019-07-07 08:00:01,5.47646355193151
2019-07-07 09:00:01,6.04973345523196
2019-07-07 10:00:01,6.48157712927643
2019-07-07 11:00:01,7.10496544826984
2019-07-07 12:00:01,7.48549160803075
2019-07-07 13:00:01,7.66528471847135
2019-07-07 14:00:01,7.85010354517558
2019-07-07 15:00:01,7.64826303090192
2019-07-07 16:00:01,7.50933526601659
2019-07-07 17:00:01,7.36327958696304
2019-07-07 18:00:01,7.45414107814668
2019-07-07 19:00:01,7.50714107972761
2019-07-07 20:00:01,7.42297125104942
2019-07-07 21:00:01,7.06390396147207
2019-07-07 22:00:01,6.65672652417839
2019-07-07 23:00:01,5.93224518744801
2019-07-08 00:00:01,5.37063802812766
2019-07-08 01:00:01,4.58496747867057
2019-07-08 02:00:01,4.38202663467388
2019-07-08 03:00:01,4.00733318523247
2019-07-08 04:00:01,3.76120011569356
2019-07-08 05:00:01,4.27666611901606
2019-07-08 06:00:01,5.17048399503815
2019-07-08 07:00:01,5.66296048013595
2019-07-08 08:00:01,6.36475075685191
2019-07-08 09:00:01,6.55961523749324
2019-07-08 10:00:01,6.77078942390898
2019-07-08 11:00:01,7.22329567956231
2019-07-08 12:00:01,7.72841577984104
2019-07-08 13:00:01,7.79605797431612
2019-07-08 14:00:01,7.71289096149013
2019-07-08 15:00:01,7.72797554210556
2019-07-08 16:00:01,7.66340766489348
2019-07-08 17:00:01,7.78030308790837
2019-07-08 18:00:01,7.75876054415766
2019-07-08 19:00:01,7.73017479524622
2019-07-08 20:00:01,7.40488757561612
2019-07-08 21:00:01,7.09090982207998
2019-07-08 22:00:01,6.63856778916652
2019-07-08 23:00:01,6.08677472691231
2019-07-09 00:00:01,5.24702407216049
2019-07-09 01:00:01,4.27666611901606
2019-07-09 02:00:01,3.8286413964891
2019-07-09 03:00:01,3.61091791264422
2019-07-09 04:00:01,3.80666248977032
2019-07-09 05:00:01,4.31748811353631
2019-07-09 06:00:01,5.31320597904179
2019-07-09 07:00:01,5.78689738136671
2019-07-09 08:00:01,6.38856140554563
2019-07-09 09:00:01,6.46458830368996
2019-07-09 10:00:01,6.68461172766793
2019-07-09 11:00:01,7.18841273649695
2019-07-09 12:00:01,7.67740043051481
2019-07-09 13:00:01,7.82043951526218
2019-07-09 14:00:01,7.72090525193678
2019-07-09 15:00:01,7.76387128782022
2019-07-09 16:00:01,7.7376162828579
2019-07-09 17:00:01,7.88720858581393
2019-07-09 18:00:01,7.80139132029149
2019-07-09 19:00:01,7.79069603117474
2019-07-09 20:00:01,7.51043055637801
2019-07-09 21:00:01,7.30988148582479
2019-07-09 22:00:01,6.67329796776765
2019-07-09 23:00:01,6.19440539110467
2019-07-10 00:00:01,5.24174701505964
2019-07-10 01:00:01,4.67282883446191
2019-07-10 02:00:01,4.26267987704132
2019-07-10 03:00:01,4.18965474202643
2019-07-10 04:00:01,3.55534806148941
2019-07-10 05:00:01,4.4188406077966
2019-07-10 06:00:01,5.44673737166631
2019-07-10 07:00:01,5.50938833662798
2019-07-10 08:00:01,6.40025744530882
2019-07-10 09:00:01,6.48768401848461
2019-07-10 10:00:01,6.74875954749168
2019-07-10 11:00:01,7.2086003379602
2019-07-10 12:00:01,7.67832635650689
2019-07-10 13:00:01,7.78530518253986
2019-07-10 14:00:01,7.74066440191724
2019-07-10 15:00:01,7.68156036255954
2019-07-10 16:00:01,7.67042852219069
2019-07-10 17:00:01,7.90765159471109
2019-07-10 18:00:01,7.78986855905471
2019-07-10 19:00:01,7.67415292128168
2019-07-10 20:00:01,7.51261754467451
2019-07-10 21:00:01,7.08924315502751
2019-07-10 22:00:01,6.39859493453521
2019-07-10 23:00:01,5.99146454710798
2019-07-11 00:00:01,5.24702407216049
2019-07-11 01:00:01,4.55387689160054
2019-07-11 02:00:01,4.0943445622221
2019-07-11 03:00:01,3.66356164612965
2019-07-11 04:00:01,3.61091791264422
2019-07-11 05:00:01,4.56434819146784
2019-07-11 06:00:01,5.26785815906333
2019-07-11 07:00:01,5.68357976733868
2019-07-11 08:00:01,6.2841341610708
2019-07-11 09:00:01,6.31535800152233
2019-07-11 10:00:01,6.62936325343745
2019-07-11 11:00:01,7.09506437728713
2019-07-11 12:00:01,7.62217459481762
2019-07-11 13:00:01,7.74543561027438
2019-07-11 14:00:01,7.59538727885397
2019-07-11 15:00:01,7.52563997504154
2019-07-11 16:00:01,7.67693714581808
2019-07-11 17:00:01,7.81399567500279
2019-07-11 18:00:01,7.73455884435476
2019-07-11 19:00:01,7.62705741701893
2019-07-11 20:00:01,7.47929963778283
2019-07-11 21:00:01,7.42416528104203
2019-07-11 22:00:01,7.02908756414966
2019-07-11 23:00:01,6.31716468674728
2019-07-12 00:00:01,5.71702770140622
2019-07-12 01:00:01,5.10594547390058
2019-07-12 02:00:01,4.85981240436167
2019-07-12 03:00:01,4.49980967033027
2019-07-12 04:00:01,4.07753744390572
2019-07-12 05:00:01,4.58496747867057
2019-07-12 06:00:01,5.17048399503815
2019-07-12 07:00:01,5.5834963087817
2019-07-12 08:00:01,6.30444880242198
2019-07-12 09:00:01,6.3491389913798
2019-07-12 10:00:01,6.6682282484174
2019-07-12 11:00:01,7.0335064842877
2019-07-12 12:00:01,7.58882987830781
2019-07-12 13:00:01,7.73848812249465
2019-07-12 14:00:01,7.72488843932307
2019-07-12 15:00:01,7.72797554210556
2019-07-12 16:00:01,7.73499619402278
2019-07-12 17:00:01,7.68063742756094
2019-07-12 18:00:01,7.82484569102686
2019-07-12 19:00:01,7.76599307940768
2019-07-12 20:00:01,7.60589000105312
2019-07-12 21:00:01,7.65586401761606
2019-07-12 22:00:01,7.49886973397693
2019-07-12 23:00:01,7.0604763659998
2019-07-13 00:00:01,6.55250788703459
2019-07-13 01:00:01,6.11368217983223
2019-07-13 02:00:01,5.49306144334055
2019-07-13 03:00:01,4.99721227376411
2019-07-13 04:00:01,4.49980967033027
2019-07-13 05:00:01,5.34710753071747
2019-07-13 06:00:01,5.08759633523238
2019-07-13 07:00:01,4.81218435537242
2019-07-13 08:00:01,5.46806014113513
2019-07-13 09:00:01,5.95064255258773
2019-07-13 10:00:01,6.61740297797448
2019-07-13 11:00:01,7.028201432058
2019-07-13 12:00:01,7.43955930913332
2019-07-13 13:00:01,7.61035761831284
2019-07-13 14:00:01,7.69439280262942
2019-07-13 15:00:01,7.5963923040642
2019-07-13 16:00:01,7.64826303090192
2019-07-13 17:00:01,7.68937110752969
2019-07-13 18:00:01,7.66996199547358
2019-07-13 19:00:01,7.74586822979227
2019-07-13 20:00:01,7.58731050602262
2019-07-13 21:00:01,7.45066079621154
2019-07-13 22:00:01,7.35564110297425
2019-07-13 23:00:01,7.10332206252611
2019-07-14 00:00:01,6.53524127101366
2019-07-14 01:00:01,6.289715570909
2019-07-14 02:00:01,5.6021188208797
2019-07-14 03:00:01,5.72031177660741
2019-07-14 04:00:01,5.14749447681345
2019-07-14 05:00:01,4.51085950651685
2019-07-14 06:00:01,4.15888308335967
2019-07-14 07:00:01,4.76217393479776
2019-07-14 08:00:01,5.35658627467201
2019-07-14 09:00:01,5.91889385427315
2019-07-14 10:00:01,6.45362499889269
2019-07-14 11:00:01,6.84054652928869
2019-07-14 12:00:01,7.27862894232068
2019-07-14 13:00:01,7.47986413116503
2019-07-14 14:00:01,7.51043055637801
2019-07-14 15:00:01,7.40062057737113
2019-07-14 16:00:01,7.39939808333135
2019-07-14 17:00:01,7.48436864328613
2019-07-14 18:00:01,7.38150189450671
2019-07-14 19:00:01,7.36073990305828
2019-07-14 20:00:01,7.14124512235049
2019-07-14 21:00:01,6.87419849545329
2019-07-14 22:00:01,6.33682573114644
2019-07-14 23:00:01,5.84354441703136
2019-07-15 00:00:01,5.18738580584075
2019-07-15 01:00:01,4.62497281328427
2019-07-15 02:00:01,4.18965474202643
2019-07-15 03:00:01,3.98898404656427
2019-07-15 04:00:01,3.61091791264422
2019-07-15 05:00:01,4.52178857704904
2019-07-15 06:00:01,5.12989871492307
2019-07-15 07:00:01,5.6970934865054
2019-07-15 08:00:01,6.3491389913798
2019-07-15 09:00:01,6.47850964220857
2019-07-15 10:00:01,6.69456205852109
2019-07-15 11:00:01,7.05272104923232
2019-07-15 12:00:01,7.58324752430336
2019-07-15 13:00:01,7.6434829070772
2019-07-15 14:00:01,7.66481578528574
2019-07-15 15:00:01,7.59287028784482
2019-07-15 16:00:01,7.67461749736436
2019-07-15 17:00:01,7.71110125184016
2019-07-15 18:00:01,7.66434663209862
2019-07-15 19:00:01,7.53636393840451
2019-07-15 20:00:01,7.19518732017871
2019-07-15 21:00:01,6.79682371827486
2019-07-15 22:00:01,6.52649485957079
2019-07-15 23:00:01,5.98393628068719
2019-07-16 00:00:01,5.2257466737132
2019-07-16 01:00:01,4.64439089914137
2019-07-16 02:00:01,3.98898404656427
2019-07-16 03:00:01,4.06044301054642
2019-07-16 04:00:01,3.46573590279973
2019-07-16 05:00:01,4.4188406077966
2019-07-16 06:00:01,5.17048399503815
2019-07-16 07:00:01,5.72031177660741
2019-07-16 08:00:01,6.33327962813969
2019-07-16 09:00:01,6.4393503711001
2019-07-16 10:00:01,6.65544035036765
2019-07-16 11:00:01,6.98656645940643
2019-07-16 12:00:01,7.5251007461258
2019-07-16 13:00:01,7.57712193087668
2019-07-16 14:00:01,7.50328963067508
2019-07-16 15:00:01,7.55328660560042
2019-07-16 16:00:01,7.69848278788095
2019-07-16 17:00:01,7.81843027207066
2019-07-16 18:00:01,7.69074316354187
2019-07-16 19:00:01,7.54380286750151
2019-07-16 20:00:01,7.38832785957711
2019-07-16 21:00:01,7.14124512235049
2019-07-16 22:00:01,6.70686233660275
2019-07-16 23:00:01,6.0330862217988
2019-07-17 00:00:01,5.31811999384422
2019-07-17 01:00:01,4.58496747867057
2019-07-17 02:00:01,4.20469261939097
2019-07-17 03:00:01,3.91202300542815
2019-07-17 04:00:01,3.2188758248682
2019-07-17 05:00:01,4.43081679884331
2019-07-17 06:00:01,5.06259503302697
2019-07-17 07:00:01,5.7037824746562
2019-07-17 08:00:01,6.40522845803084
2019-07-17 09:00:01,6.48616078894409
2019-07-17 10:00:01,6.71659477352098
2019-07-17 11:00:01,6.99393297522319
2019-07-17 12:00:01,7.54697411751653
2019-07-17 13:00:01,7.43070708254597
2019-07-17 14:00:01,7.45760928971561
2019-07-17 15:00:01,7.61184239958042
2019-07-17 16:00:01,7.57967882309046
2019-07-17 17:00:01,7.76726399675731
2019-07-17 18:00:01,7.77148876011762
2019-07-17 19:00:01,7.67647364638916
2019-07-17 20:00:01,7.57660976697304
2019-07-17 21:00:01,7.26332961747684
2019-07-17 22:00:01,6.91075078796194
2019-07-17 23:00:01,6.22653666928747
2019-07-18 00:00:01,5.47646355193151
2019-07-18 01:00:01,4.95582705760126
2019-07-18 02:00:01,4.36944785246702
2019-07-18 03:00:01,4.21950770517611
2019-07-18 04:00:01,3.89182029811063
2019-07-18 05:00:01,4.47733681447821
2019-07-18 06:00:01,5.21493575760899
2019-07-18 07:00:01,5.85220247977447
2019-07-18 08:00:01,6.50727771238501
2019-07-18 09:00:01,6.54391184556479
2019-07-18 10:00:01,6.80128303447162
2019-07-18 11:00:01,7.1800698743028
2019-07-18 12:00:01,7.6685611080159
2019-07-18 13:00:01,7.68845535654994
2019-07-18 14:00:01,7.61972421378267
2019-07-18 15:00:01,7.66152708135852
2019-07-18 16:00:01,7.72444664563354
2019-07-18 17:00:01,7.94129557090653
2019-07-18 18:00:01,7.84541603659248
2019-07-18 19:00:01,7.57814547241947
2019-07-18 20:00:01,7.59085212368858
2019-07-18 21:00:01,7.44307837434852
2019-07-18 22:00:01,6.92264389147589
2019-07-18 23:00:01,6.30444880242198
2019-07-19 00:00:01,5.77144112313002
2019-07-19 01:00:01,5.11198778835654
2019-07-19 02:00:01,4.88280192258637
2019-07-19 03:00:01,4.21950770517611
2019-07-19 04:00:01,4.07753744390572
2019-07-19 05:00:01,4.72738781871234
2019-07-19 06:00:01,5.19295685089021
2019-07-19 07:00:01,5.80211837537706
2019-07-19 08:00:01,6.34212141872115
2019-07-19 09:00:01,6.45676965557216
2019-07-19 10:00:01,6.85435450225502
2019-07-19 11:00:01,7.1929342212158
2019-07-19 12:00:01,7.67229245562876
2019-07-19 13:00:01,7.9912539298402
2019-07-19 14:00:01,7.80139132029149
2019-07-19 15:00:01,7.73017479524622
2019-07-19 16:00:01,7.82763954636642
2019-07-19 17:00:01,7.98956044933387
2019-07-19 18:00:01,8.10651451625519
2019-07-19 19:00:01,7.952615111651
2019-07-19 20:00:01,7.83597458172157
2019-07-19 21:00:01,7.87739718635329
2019-07-19 22:00:01,7.51316354523408
2019-07-19 23:00:01,7.22548147278229
2019-07-20 00:00:01,6.77536609093639
2019-07-20 01:00:01,6.37331978957701
2019-07-20 02:00:01,5.75257263882563
2019-07-20 03:00:01,5.37989735354046
2019-07-20 04:00:01,4.45434729625351
2019-07-20 05:00:01,5.08759633523238
2019-07-20 06:00:01,4.59511985013459
2019-07-20 07:00:01,5.4249500174814
2019-07-20 08:00:01,5.71373280550937
2019-07-20 09:00:01,6.24804287450843
2019-07-20 10:00:01,6.71780469502369
2019-07-20 11:00:01,7.35883089834235
2019-07-20 12:00:01,7.69439280262942
2019-07-20 13:00:01,7.79811262882979
2019-07-20 14:00:01,7.95120715647297
2019-07-20 15:00:01,8.09620827165004
2019-07-20 16:00:01,7.96762673933382
2019-07-20 17:00:01,7.91935619066062
2019-07-20 18:00:01,7.89878235697031
2019-07-20 19:00:01,8.09132127353041
2019-07-20 20:00:01,7.89803969076462
2019-07-20 21:00:01,7.67461749736436
2019-07-20 22:00:01,7.41818082272679
2019-07-20 23:00:01,7.26473017792987
2019-07-21 00:00:01,6.84694313958538
2019-07-21 01:00:01,6.45676965557216
2019-07-21 02:00:01,5.96357934361845
2019-07-21 03:00:01,5.78689738136671
2019-07-21 04:00:01,4.91265488573605
2019-07-21 05:00:01,5.02388052084628
2019-07-21 06:00:01,4.30406509320417
2019-07-21 07:00:01,4.90527477843843
2019-07-21 08:00:01,5.59842195899838
2019-07-21 09:00:01,6.08221891037645
2019-07-21 10:00:01,6.69950034016168
2019-07-21 11:00:01,7.03262426102801
2019-07-21 12:00:01,7.5076900778199
2019-07-21 13:00:01,7.7367436824535
2019-07-21 14:00:01,7.74975340627444
2019-07-21 15:00:01,7.79852305362521
2019-07-21 16:00:01,7.81237820598861
2019-07-21 17:00:01,7.80913539812054
2019-07-21 18:00:01,7.72929567431048
2019-07-21 19:00:01,7.73805229768932
2019-07-21 20:00:01,7.46336304552002
2019-07-21 21:00:01,7.17395831975679
2019-07-21 22:00:01,6.72142570079064
2019-07-21 23:00:01,5.93224518744801
2019-07-22 00:00:01,5.34233425196481
2019-07-22 01:00:01,4.77068462446567
2019-07-22 02:00:01,3.97029191355212
2019-07-22 03:00:01,4.04305126783455
2019-07-22 04:00:01,3.89182029811063
2019-07-22 05:00:01,4.57471097850338
2019-07-22 06:00:01,5.0998664278242
2019-07-22 07:00:01,5.91889385427315
2019-07-22 08:00:01,6.5694814204143
2019-07-22 09:00:01,6.68336094576627
2019-07-22 10:00:01,6.94505106372583
2019-07-22 11:00:01,7.25700270709207
2019-07-22 12:00:01,7.76004068088038
2019-07-22 13:00:01,7.73848812249465
2019-07-22 14:00:01,7.62705741701893
2019-07-22 15:00:01,7.65586401761606
2019-07-22 16:00:01,7.77988511507052
2019-07-22 17:00:01,7.85593219971861
2019-07-22 18:00:01,7.77653502818524
2019-07-22 19:00:01,7.65964295456468
2019-07-22 20:00:01,7.46622755621548
2019-07-22 21:00:01,7.09174211509515
2019-07-22 22:00:01,6.51767127291227
2019-07-22 23:00:01,5.92157841964382
2019-07-23 00:00:01,5.2040066870768
2019-07-23 01:00:01,4.81218435537242
2019-07-23 02:00:01,4.00733318523247
2019-07-23 03:00:01,3.52636052461616
2019-07-23 04:00:01,3.46573590279973
2019-07-23 05:00:01,4.55387689160054
2019-07-23 06:00:01,5.04342511691925
2019-07-23 07:00:01,5.87493073085203
2019-07-23 08:00:01,6.46458830368996
2019-07-23 09:00:01,6.57646956904822
2019-07-23 10:00:01,6.9555926083963
2019-07-23 11:00:01,7.27309259599952
2019-07-23 12:00:01,7.75233516330229
2019-07-23 13:00:01,7.76768727718691
2019-07-23 14:00:01,7.69893619981345
2019-07-23 15:00:01,7.67925142595306
2019-07-23 16:00:01,7.81278281857758
2019-07-23 17:00:01,7.81399567500279
2019-07-23 18:00:01,7.35308192051543
2019-07-23 19:00:01,7.2291138777933
2019-07-23 20:00:01,7.32118855673948
2019-07-23 21:00:01,6.97541392745595
2019-07-23 22:00:01,6.64898455002478
2019-07-23 23:00:01,5.91079664404053
2019-07-24 00:00:01,5.17048399503815
2019-07-24 01:00:01,4.61512051684126
2019-07-24 02:00:01,3.91202300542815
2019-07-24 03:00:01,3.29583686600433
2019-07-24 04:00:01,3.46573590279973
2019-07-24 05:00:01,4.52178857704904
2019-07-24 06:00:01,5.15329159449778
2019-07-24 07:00:01,5.91620206260743
2019-07-24 08:00:01,6.48004456192665
2019-07-24 09:00:01,6.59850902861452
2019-07-24 10:00:01,6.93634273583405
2019-07-24 11:00:01,7.27862894232068
2019-07-24 12:00:01,7.75491027202143
2019-07-24 13:00:01,7.84306401669205
2019-07-24 14:00:01,7.82524529143177
2019-07-24 15:00:01,7.72973533138505
2019-07-24 16:00:01,7.86825426552061
2019-07-24 17:00:01,8.0245348716057
2019-07-24 18:00:01,7.93379687481541
2019-07-24 19:00:01,7.75705114203201
2019-07-24 20:00:01,7.64683139143048
2019-07-24 21:00:01,7.39694860262101
2019-07-24 22:00:01,6.90475076996184
2019-07-24 23:00:01,6.13772705408623
2019-07-25 00:00:01,5.34710753071747
2019-07-25 01:00:01,4.67282883446191
2019-07-25 02:00:01,4.02535169073515
2019-07-25 03:00:01,3.80666248977032
2019-07-25 04:00:01,3.52636052461616
2019-07-25 05:00:01,4.71849887129509
2019-07-25 06:00:01,5.26785815906333
2019-07-25 07:00:01,5.86929691313377
2019-07-25 08:00:01,6.53233429222235
2019-07-25 09:00:01,6.5206211275587
2019-07-25 10:00:01,6.8351845861473
2019-07-25 11:00:01,7.26612877955645
2019-07-25 12:00:01,7.82164312623998
2019-07-25 13:00:01,7.81963630236759
2019-07-25 14:00:01,7.76726399675731
2019-07-25 15:00:01,7.77988511507052
2019-07-25 16:00:01,7.87929148508227
2019-07-25 17:00:01,7.98173328669189
2019-07-25 18:00:01,7.95892649305011
2019-07-25 19:00:01,7.71824095195932
2019-07-25 20:00:01,7.64396194900253
2019-07-25 21:00:01,7.46164039220858
2019-07-25 22:00:01,7.06817200038804
2019-07-25 23:00:01,6.42971947803914
2019-07-26 00:00:01,5.79605775076537
2019-07-26 01:00:01,5.09375020080676
2019-07-26 02:00:01,4.65396035015752
2019-07-26 03:00:01,4.62497281328427
2019-07-26 04:00:01,3.93182563272433
2019-07-26 05:00:01,4.68213122712422
2019-07-26 06:00:01,5.14749447681345
2019-07-26 07:00:01,5.90808293816893
2019-07-26 08:00:01,6.56526497003536
2019-07-26 09:00:01,6.64639051484773
2019-07-26 10:00:01,7.00669522683704
2019-07-26 11:00:01,7.32843735289516
2019-07-26 12:00:01,7.7445698093545
2019-07-26 13:00:01,7.72753511047545
2019-07-26 14:00:01,7.80261806344267
2019-07-26 15:00:01,7.74066440191724
2019-07-26 16:00:01,7.78197323443438
2019-07-26 17:00:01,7.60837447438078
2019-07-26 18:00:01,7.79523492900217
2019-07-26 19:00:01,7.45414107814668
2019-07-26 20:00:01,7.39633529380081
2019-07-26 21:00:01,7.62608275807238
2019-07-26 22:00:01,7.39079852173568
2019-07-26 23:00:01,7.22766249872865
2019-07-27 00:00:01,6.74405918631135
2019-07-27 01:00:01,6.0913098820777
2019-07-27 02:00:01,5.88887795833288
2019-07-27 03:00:01,5.37989735354046
2019-07-27 04:00:01,4.87519732320115
2019-07-27 05:00:01,4.98360662170834
2019-07-27 06:00:01,4.91265488573605
2019-07-27 07:00:01,5.46383180502561
2019-07-27 08:00:01,5.89440283426485
2019-07-27 09:00:01,6.28785856016178
2019-07-27 10:00:01,6.90475076996184
2019-07-27 11:00:01,7.3375877435386
2019-07-27 12:00:01,7.74932246466036
2019-07-27 13:00:01,7.93666015522543
2019-07-27 14:00:01,7.92696354486298
2019-07-27 15:00:01,8.00336305862995
2019-07-27 16:00:01,8.02420748577858
2019-07-27 17:00:01,8.00670084544037
2019-07-27 18:00:01,7.98548435673382
2019-07-27 19:00:01,8.12058871174027
2019-07-27 20:00:01,7.90211754627645
2019-07-27 21:00:01,7.71735127218533
2019-07-27 22:00:01,7.60539236481493
2019-07-27 23:00:01,7.32843735289516
2019-07-28 00:00:01,6.92362862813843
2019-07-28 01:00:01,6.4377516497364
2019-07-28 02:00:01,6.0591231955818
2019-07-28 03:00:01,5.89715386763674
2019-07-28 04:00:01,5.23110861685459
2019-07-28 05:00:01,5.27299955856375
2019-07-28 06:00:01,4.63472898822964
2019-07-28 07:00:01,5.2257466737132
2019-07-28 08:00:01,5.4510384535657
2019-07-28 09:00:01,6.18826412308259
2019-07-28 10:00:01,6.7945865808765
2019-07-28 11:00:01,7.21303165983487
2019-07-28 12:00:01,7.64921631982063
2019-07-28 13:00:01,7.82324569068552
2019-07-28 14:00:01,7.83280751652486
2019-07-28 15:00:01,7.86057078553866
2019-07-28 16:00:01,7.86211221166275
2019-07-28 17:00:01,7.87169266432365
2019-07-28 18:00:01,7.83557924666997
2019-07-28 19:00:01,7.79811262882979
2019-07-28 20:00:01,7.54802896993501
2019-07-28 21:00:01,7.21744343169653
2019-07-28 22:00:01,6.79346613258001
2019-07-28 23:00:01,6.08221891037645
2019-07-29 00:00:01,5.35658627467201
2019-07-29 01:00:01,4.80402104473326
2019-07-29 02:00:01,4.06044301054642
2019-07-29 03:00:01,4.02535169073515
2019-07-29 04:00:01,3.76120011569356
2019-07-29 05:00:01,4.44265125649032
2019-07-29 06:00:01,5.06890420222023
2019-07-29 07:00:01,5.8406416573734
2019-07-29 08:00:01,6.59030104819669
2019-07-29 09:00:01,6.57088296233958
2019-07-29 10:00:01,6.96979066990159
2019-07-29 11:00:01,7.25700270709207
2019-07-29 12:00:01,7.81237820598861
2019-07-29 13:00:01,7.84463264446468
2019-07-29 14:00:01,7.72179177681754
2019-07-29 15:00:01,7.73105314400713
2019-07-29 16:00:01,7.76472054477148
2019-07-29 17:00:01,7.88795933659994
2019-07-29 18:00:01,7.58528107863913
2019-07-29 19:00:01,7.53101633207792
2019-07-29 20:00:01,7.49164547360513
2019-07-29 21:00:01,7.20489251020467
2019-07-29 22:00:01,6.62936325343745
2019-07-29 23:00:01,5.97380961186926
2019-07-30 00:00:01,5.18178355029209
2019-07-30 01:00:01,4.40671924726425
2019-07-30 02:00:01,3.95124371858143
2019-07-30 03:00:01,3.73766961828337
2019-07-30 04:00:01,3.2188758248682
2019-07-30 05:00:01,4.33073334028633
2019-07-30 06:00:01,5.16478597392351
2019-07-30 07:00:01,5.94542060860658
2019-07-30 08:00:01,6.71295620067707
2019-07-30 09:00:01,6.66185474054531
2019-07-30 10:00:01,6.96224346426621
2019-07-30 11:00:01,7.30653139893951
2019-07-30 12:00:01,7.755767170103
2019-07-30 13:00:01,7.75747876658418
2019-07-30 14:00:01,7.74586822979227
2019-07-30 15:00:01,7.66481578528574
2019-07-30 16:00:01,7.80057265467065
2019-07-30 17:00:01,7.91571319938212
2019-07-30 18:00:01,7.86095636487639
2019-07-30 19:00:01,7.75619534394812
2019-07-30 20:00:01,7.57250298502038
2019-07-30 21:00:01,7.28961052145117
2019-07-30 22:00:01,6.68835471394676
2019-07-30 23:00:01,6.00635315960173
2019-07-31 00:00:01,5.24702407216049
2019-07-31 01:00:01,4.56434819146784
2019-07-31 02:00:01,4.21950770517611
2019-07-31 03:00:01,3.66356164612965
2019-07-31 04:00:01,2.99573227355399
2019-07-31 05:00:01,4.18965474202643
2019-07-31 06:00:01,5.16478597392351
2019-07-31 07:00:01,5.79605775076537
2019-07-31 08:00:01,6.59304453414244
2019-07-31 09:00:01,6.63856778916652
2019-07-31 10:00:01,7.00306545878646
2019-07-31 11:00:01,7.3356339819272
2019-07-31 12:00:01,7.77779262633883
2019-07-31 13:00:01,7.85438121065236
2019-07-31 14:00:01,7.69575799055476
2019-07-31 15:00:01,7.73236922228439
2019-07-31 16:00:01,7.76726399675731
2019-07-31 17:00:01,7.900636613018
2019-07-31 18:00:01,7.89655270164304
2019-07-31 19:00:01,7.84031298332016
2019-07-31 20:00:01,7.6434829070772
2019-07-31 21:00:01,7.29709100516042
2019-07-31 22:00:01,6.92067150424868
2019-07-31 23:00:01,6.12905021006055
2019-08-01 00:00:01,5.49306144334055
2019-08-01 01:00:01,4.97673374242057
2019-08-01 02:00:01,4.31748811353631
2019-08-01 03:00:01,3.61091791264422
2019-08-01 04:00:01,3.58351893845611
2019-08-01 05:00:01,4.70048036579242
2019-08-01 06:00:01,5.10594547390058
2019-08-01 07:00:01,5.8111409929767
2019-08-01 08:00:01,6.69703424766648
2019-08-01 09:00:01,6.67834211465433
2019-08-01 10:00:01,6.95463886488099
2019-08-01 11:00:01,7.24565506759454
2019-08-01 12:00:01,7.76599307940768
2019-08-01 13:00:01,7.7553388128465
2019-08-01 14:00:01,7.71646080017636
2019-08-01 15:00:01,7.66809370908241
2019-08-01 16:00:01,7.83320394864106
2019-08-01 17:00:01,7.99934295271328
2019-08-01 18:00:01,7.99530662029082
2019-08-01 19:00:01,7.68524360797583
2019-08-01 20:00:01,7.6246189861594
2019-08-01 21:00:01,7.47533923656674
2019-08-01 22:00:01,7.04228617193974
2019-08-01 23:00:01,6.3491389913798
2019-08-02 00:00:01,5.78074351579233
2019-08-02 01:00:01,5.30330490805908
2019-08-02 02:00:01,4.74493212836325
2019-08-02 03:00:01,4.62497281328427
2019-08-02 04:00:01,3.40119738166216
2019-08-02 05:00:01,4.35670882668959
2019-08-02 06:00:01,5.12989871492307
2019-08-02 07:00:01,5.82894561761021
2019-08-02 08:00:01,6.60800062529609
2019-08-02 09:00:01,6.65801104587075
2019-08-02 10:00:01,6.99393297522319
2019-08-02 11:00:01,7.32184971378836
2019-08-02 12:00:01,7.77863014732581
2019-08-02 13:00:01,7.78322401633604
2019-08-02 14:00:01,7.70751219460034
2019-08-02 15:00:01,7.83161727635261
2019-08-02 16:00:01,7.94767857130157
2019-08-02 17:00:01,8.14438886554762
2019-08-02 18:00:01,8.16451026874704
2019-08-02 19:00:01,8.03333401588006
2019-08-02 20:00:01,8.02387999273488
2019-08-02 21:00:01,7.8815599170569
2019-08-02 22:00:01,7.67971363996637
2019-08-02 23:00:01,7.31920245876785
2019-08-03 00:00:01,6.76849321164863
2019-08-03 01:00:01,6.35437004079735
2019-08-03 02:00:01,5.87211778947542
2019-08-03 03:00:01,5.74300318780948
2019-08-03 04:00:01,4.99721227376411
2019-08-03 05:00:01,4.94875989037817
2019-08-03 06:00:01,4.49980967033027
2019-08-03 07:00:01,5.42053499927229
2019-08-03 08:00:01,5.79605775076537
2019-08-03 09:00:01,6.26339826259162
2019-08-03 10:00:01,6.66440902035041
2019-08-03 11:00:01,7.24351297466548
2019-08-03 12:00:01,7.63336964967958
2019-08-03 13:00:01,7.84971375760487
2019-08-03 14:00:01,7.8804263442924
2019-08-03 15:00:01,7.99496952269788
2019-08-03 16:00:01,7.9402277651457
2019-08-03 17:00:01,8.01565761455734
2019-08-03 18:00:01,8.07215530818825
2019-08-03 19:00:01,8.12622252945853
2019-08-03 20:00:01,8.02322468471667
2019-08-03 21:00:01,7.66809370908241
2019-08-03 22:00:01,7.51860721681525
2019-08-03 23:00:01,7.16317239084664
2019-08-04 00:00:01,6.8330317327862
2019-08-04 01:00:01,6.41017488196617
2019-08-04 02:00:01,6.00388706710654
2019-08-04 03:00:01,5.99645208861902
2019-08-04 04:00:01,5.40717177146012
2019-08-04 05:00:01,4.91998092582813
2019-08-04 06:00:01,4.68213122712422
2019-08-04 07:00:01,5.24702407216049
2019-08-04 08:00:01,5.73979291217923
2019-08-04 09:00:01,6.06842558824411
2019-08-04 10:00:01,6.75576892198425
2019-08-04 11:00:01,7.06902342657826
2019-08-04 12:00:01,7.52294091807237
2019-08-04 13:00:01,7.793999089504
2019-08-04 14:00:01,7.80791662892641
2019-08-04 15:00:01,7.78072088611792
2019-08-04 16:00:01,7.73105314400713
2019-08-04 17:00:01,7.83676478326407
2019-08-04 18:00:01,7.77022320415879
2019-08-04 19:00:01,7.72665366484764
2019-08-04 20:00:01,7.55066124310534
2019-08-04 21:00:01,7.09007683577609
2019-08-04 22:00:01,6.74405918631135
2019-08-04 23:00:01,6.13988455222626
2019-08-05 00:00:01,5.18738580584075
2019-08-05 01:00:01,4.90527477843843
2019-08-05 02:00:01,4.07753744390572
2019-08-05 03:00:01,3.73766961828337
2019-08-05 04:00:01,3.40119738166216
2019-08-05 05:00:01,4.36944785246702
2019-08-05 06:00:01,5.10594547390058
2019-08-05 07:00:01,5.96357934361845
2019-08-05 08:00:01,6.64509096950564
2019-08-05 09:00:01,6.69579891705849
2019-08-05 10:00:01,6.99668148817654
2019-08-05 11:00:01,7.22037383672395
2019-08-05 12:00:01,7.71333788887187
2019-08-05 13:00:01,7.77988511507052
2019-08-05 14:00:01,7.73543335249969
2019-08-05 15:00:01,7.76853330092603
2019-08-05 16:00:01,7.77359446736019
2019-08-05 17:00:01,7.94165125293056
2019-08-05 18:00:01,7.88532923927319
2019-08-05 19:00:01,7.71912984090673
2019-08-05 20:00:01,7.67042852219069
2019-08-05 21:00:01,7.30249642372733
2019-08-05 22:00:01,6.75925527066369
2019-08-05 23:00:01,6.26149168432104
2019-08-06 00:00:01,5.16478597392351
2019-08-06 01:00:01,4.55387689160054
2019-08-06 02:00:01,3.71357206670431
2019-08-06 03:00:01,3.46573590279973
2019-08-06 04:00:01,3.66356164612965
2019-08-06 05:00:01,4.43081679884331
2019-08-06 06:00:01,5.19295685089021
2019-08-06 07:00:01,5.91889385427315
2019-08-06 08:00:01,6.66440902035041
2019-08-06 09:00:01,6.55677835615804
2019-08-06 10:00:01,6.78558764500793
2019-08-06 11:00:01,7.1770187659099
2019-08-06 12:00:01,7.6685611080159
2019-08-06 13:00:01,7.6182510978767
2019-08-06 14:00:01,7.57865685059476
2019-08-06 15:00:01,7.66246781520024
2019-08-06 16:00:01,7.77611547709874
2019-08-06 17:00:01,7.87092959675514
2019-08-06 18:00:01,7.94590959861313
2019-08-06 19:00:01,7.71601526664259
2019-08-06 20:00:01,7.74716496652033
2019-08-06 21:00:01,7.30451594646016
2019-08-06 22:00:01,6.69826805411541
2019-08-06 23:00:01,6.30078579466324
2019-08-07 00:00:01,5.0998664278242
2019-08-07 01:00:01,4.56434819146784
2019-08-07 02:00:01,4.43081679884331
2019-08-07 03:00:01,3.78418963391826
2019-08-07 04:00:01,3.25809653802148
2019-08-07 05:00:01,4.56434819146784
2019-08-07 06:00:01,5.13579843705026
2019-08-07 07:00:01,5.97635090929793
2019-08-07 08:00:01,6.65157187358973
2019-08-07 09:00:01,6.59714570188665
2019-08-07 10:00:01,6.95272864462487
2019-08-07 11:00:01,7.29165620917446
2019-08-07 12:00:01,7.71333788887187
2019-08-07 13:00:01,7.78945456608667
2019-08-07 14:00:01,7.81156848934518
2019-08-07 15:00:01,7.743269700829
2019-08-07 16:00:01,7.80057265467065
2019-08-07 17:00:01,8.03073492409854
2019-08-07 18:00:01,7.98684490116138
2019-08-07 19:00:01,7.87815533650332
2019-08-07 20:00:01,7.82883452758809
2019-08-07 21:00:01,7.26332961747684
2019-08-07 22:00:01,6.71295620067707
2019-08-07 23:00:01,6.21860011969173
2019-08-08 00:00:01,5.08759633523238
2019-08-08 01:00:01,4.76217393479776
2019-08-08 02:00:01,4.15888308335967
2019-08-08 03:00:01,3.89182029811063
2019-08-08 04:00:01,2.94443897916644
2019-08-08 05:00:01,4.46590811865458
2019-08-08 06:00:01,5.08140436498446
2019-08-08 07:00:01,5.96357934361845
2019-08-08 08:00:01,6.59167373200866
2019-08-08 09:00:01,6.76272950693188
2019-08-08 10:00:01,7.02464903045364
2019-08-08 11:00:01,7.22548147278229
2019-08-08 12:00:01,7.722677516468
2019-08-08 13:00:01,7.71020519443253
2019-08-08 14:00:01,7.67229245562876
2019-08-08 15:00:01,7.6377164326648
2019-08-08 16:00:01,7.72046169459972
2019-08-08 17:00:01,7.87739718635329
2019-08-08 18:00:01,7.98786409608569
2019-08-08 19:00:01,7.60240133566582
2019-08-08 20:00:01,7.64300363556072
2019-08-08 21:00:01,7.49220304261874
2019-08-08 22:00:01,6.80682936039218
2019-08-08 23:00:01,6.40025744530882
2019-08-09 00:00:01,5.605802066296
2019-08-09 01:00:01,5.04985600724954
2019-08-09 02:00:01,4.87519732320115
2019-08-09 03:00:01,4.58496747867057
2019-08-09 04:00:01,3.55534806148941
2019-08-09 05:00:01,4.69134788222914
2019-08-09 06:00:01,5.02388052084628
2019-08-09 07:00:01,5.59842195899838
2019-08-09 08:00:01,6.46614472423762
2019-08-09 09:00:01,6.54534966033442
2019-08-09 10:00:01,6.78897174299217
2019-08-09 11:00:01,7.01660968389422
2019-08-09 12:00:01,7.62997570702779
2019-08-09 13:00:01,7.568895663407
2019-08-09 14:00:01,7.58933582317062
2019-08-09 15:00:01,7.67740043051481
2019-08-09 16:00:01,7.75833346749091
2019-08-09 17:00:01,8.00168997809913
2019-08-09 18:00:01,8.08240225392624
2019-08-09 19:00:01,7.9218984110238
2019-08-09 20:00:01,7.88382321489215
2019-08-09 21:00:01,7.79646924308606
2019-08-09 22:00:01,7.55381085200823
2019-08-09 23:00:01,7.27862894232068
2019-08-10 00:00:01,6.70318811324086
2019-08-10 01:00:01,6.19644412779452
2019-08-10 02:00:01,5.85220247977447
2019-08-10 03:00:01,5.64544689764324
2019-08-10 04:00:01,4.91265488573605
2019-08-10 05:00:01,4.7361984483945
2019-08-10 06:00:01,4.7361984483945
2019-08-10 07:00:01,5.11198778835654
2019-08-10 08:00:01,5.79301360838414
2019-08-10 09:00:01,6.07993319509559
2019-08-10 10:00:01,6.60258789218934
2019-08-10 11:00:01,6.97260625130175
2019-08-10 12:00:01,7.43955930913332
2019-08-10 13:00:01,7.73718007783463
2019-08-10 14:00:01,7.77527584648686
2019-08-10 15:00:01,7.85243908535751
2019-08-10 16:00:01,7.77022320415879
2019-08-10 17:00:01,7.85049318087114
2019-08-10 18:00:01,7.95752740223077
2019-08-10 19:00:01,7.90765159471109
2019-08-10 20:00:01,7.8995244720322
2019-08-10 21:00:01,7.650168700845
2019-08-10 22:00:01,7.46106551435428
2019-08-10 23:00:01,7.26262860097424
2019-08-11 00:00:01,6.94119005506837
2019-08-11 01:00:01,6.27664348934164
2019-08-11 02:00:01,5.62762111369064
2019-08-11 03:00:01,5.55295958492162
2019-08-11 04:00:01,5.08759633523238
2019-08-11 05:00:01,4.86753445045558
2019-08-11 06:00:01,4.40671924726425
2019-08-11 07:00:01,4.95582705760126
2019-08-11 08:00:01,5.58724865840025
2019-08-11 09:00:01,6.27476202124194
2019-08-11 10:00:01,7.13489085156588
2019-08-11 11:00:01,7.45124168498768
2019-08-11 12:00:01,7.8407064517494
2019-08-11 13:00:01,8.03915739047324
2019-08-11 14:00:01,7.986504938554
2019-08-11 15:00:01,7.92262357421729
2019-08-11 16:00:01,7.73718007783463
2019-08-11 17:00:01,7.78030308790837
2019-08-11 18:00:01,7.73892375743946
2019-08-11 19:00:01,7.58273848891441
2019-08-11 20:00:01,7.37023064180708
2019-08-11 21:00:01,6.89365635460264
2019-08-11 22:00:01,6.57507584059962
2019-08-11 23:00:01,5.92692602597041
2019-08-12 00:00:01,5.55682806169954
2019-08-12 01:00:01,4.89034912822175
2019-08-12 02:00:01,4.14313472639153
2019-08-12 03:00:01,3.55534806148941
2019-08-12 04:00:01,3.36729582998647
2019-08-12 05:00:01,4.46590811865458
2019-08-12 06:00:01,5.04342511691925
2019-08-12 07:00:01,5.97888576490112
2019-08-12 08:00:01,6.66185474054531
2019-08-12 09:00:01,6.66185474054531
2019-08-12 10:00:01,6.84268328223842
2019-08-12 11:00:01,7.19142933003638
2019-08-12 12:00:01,7.61480536471107
2019-08-12 13:00:01,7.7341213033283
2019-08-12 14:00:01,7.65917136766606
2019-08-12 15:00:01,7.5963923040642
2019-08-12 16:00:01,7.73105314400713
2019-08-12 17:00:01,7.8898337513943
2019-08-12 18:00:01,7.86633892304654
2019-08-12 19:00:01,7.75147531802146
2019-08-12 20:00:01,7.61480536471107
2019-08-12 21:00:01,7.19893124068817
2019-08-12 22:00:01,6.74405918631135
2019-08-12 23:00:01,6.07073772800249
2019-08-13 00:00:01,5.05624580534831
2019-08-13 01:00:01,4.77068462446567
2019-08-13 02:00:01,4.15888308335967
2019-08-13 03:00:01,3.71357206670431
2019-08-13 04:00:01,3.49650756146648
2019-08-13 05:00:01,4.47733681447821
2019-08-13 06:00:01,5.04342511691925
2019-08-13 07:00:01,5.96100533962327
2019-08-13 08:00:01,6.59850902861452
2019-08-13 09:00:01,6.55819780281227
2019-08-13 10:00:01,6.93731408122368
2019-08-13 11:00:01,7.15695636461564
2019-08-13 12:00:01,7.65349490966125
2019-08-13 13:00:01,7.59588991771854
2019-08-13 14:00:01,7.73499619402278
2019-08-13 15:00:01,7.69256964806791
2019-08-13 16:00:01,7.71646080017636
2019-08-13 17:00:01,7.90691548867859
2019-08-13 18:00:01,7.88870952418201
2019-08-13 19:00:01,7.74022952476318
2019-08-13 20:00:01,7.80302664363222
2019-08-13 21:00:01,7.41095187558364
2019-08-13 22:00:01,6.85540879860993
2019-08-13 23:00:01,6.25190388316589
2019-08-14 00:00:01,5.40267738187228
2019-08-14 01:00:01,4.8283137373023
2019-08-14 02:00:01,4.00733318523247
2019-08-14 03:00:01,3.78418963391826
2019-08-14 04:00:01,2.99573227355399
2019-08-14 05:00:01,4.80402104473326
2019-08-14 06:00:01,5.11198778835654
2019-08-14 07:00:01,5.96100533962327
2019-08-14 08:00:01,6.63463335786169
2019-08-14 09:00:01,6.73459165997295
2019-08-14 10:00:01,7.09257371597468
2019-08-14 11:00:01,7.25276241805319
2019-08-14 12:00:01,7.83518375526675
2019-08-14 13:00:01,7.83834331555712
2019-08-14 14:00:01,7.69484807238461
2019-08-14 15:00:01,7.68156036255954
2019-08-14 16:00:01,7.74716496652033
2019-08-14 17:00:01,7.9707403900071
2019-08-14 18:00:01,7.91971976092457
2019-08-14 19:00:01,7.88683299895506
2019-08-14 20:00:01,7.72621265050753
2019-08-14 21:00:01,7.35755620091035
2019-08-14 22:00:01,6.89264164117209
2019-08-14 23:00:01,6.2803958389602
2019-08-15 00:00:01,5.52545293913178
2019-08-15 01:00:01,4.79579054559674
2019-08-15 02:00:01,3.76120011569356
2019-08-15 03:00:01,3.68887945411394
2019-08-15 04:00:01,2.77258872223978
2019-08-15 05:00:01,4.52178857704904
2019-08-15 06:00:01,5.11198778835654
2019-08-15 07:00:01,5.98141421125448
2019-08-15 08:00:01,6.68085467879022
2019-08-15 09:00:01,6.62539236800796
2019-08-15 10:00:01,6.98378996525813
2019-08-15 11:00:01,7.33432935030054
2019-08-15 12:00:01,7.72134861261795
2019-08-15 13:00:01,7.76556908109732
2019-08-15 14:00:01,7.78613643778307
2019-08-15 15:00:01,7.68570306123455
2019-08-15 16:00:01,7.77443551030296
2019-08-15 17:00:01,7.94378269245863
2019-08-15 18:00:01,7.89095671613892
2019-08-15 19:00:01,7.68017564043659
2019-08-15 20:00:01,7.66481578528574
2019-08-15 21:00:01,7.59488438721652
2019-08-15 22:00:01,7.08170858610557
2019-08-15 23:00:01,6.53813982376767
2019-08-16 00:00:01,5.67332326717149
2019-08-16 01:00:01,5.29831736654804
2019-08-16 02:00:01,4.86753445045558
2019-08-16 03:00:01,4.71849887129509
2019-08-16 04:00:01,4.15888308335967
2019-08-16 05:00:01,4.63472898822964
2019-08-16 06:00:01,5.08140436498446
2019-08-16 07:00:01,5.83773044716594
2019-08-16 08:00:01,6.57088296233958
2019-08-16 09:00:01,6.57786135772105
2019-08-16 10:00:01,6.96034772910131
2019-08-16 11:00:01,7.27378631784489
2019-08-16 12:00:01,7.77988511507052
2019-08-16 13:00:01,7.50659178007084
2019-08-16 14:00:01,7.45066079621154
2019-08-16 15:00:01,7.46965417293213
2019-08-16 16:00:01,7.7621706071382
2019-08-16 17:00:01,8.00068478451475
2019-08-16 18:00:01,8.15593633797239
2019-08-16 19:00:01,7.93200315236138
2019-08-16 20:00:01,8.04590874227078
2019-08-16 21:00:01,8.1318247850072
2019-08-16 22:00:01,7.71467747380093
2019-08-16 23:00:01,7.40610338123702
2019-08-17 00:00:01,6.74170069465205
2019-08-17 01:00:01,6.4085287910595
2019-08-17 02:00:01,5.90536184805457
2019-08-17 03:00:01,5.66642668811243
2019-08-17 04:00:01,5.18738580584075
2019-08-17 05:00:01,5.0998664278242
2019-08-17 06:00:01,4.58496747867057
2019-08-17 07:00:01,5.17048399503815
2019-08-17 08:00:01,5.80513496891649
2019-08-17 09:00:01,6.3456363608286
2019-08-17 10:00:01,6.97728134163075
2019-08-17 11:00:01,7.39018142822643
2019-08-17 12:00:01,7.84658997529119
2019-08-17 13:00:01,7.95014988765202
2019-08-17 14:00:01,7.95892649305011
2019-08-17 15:00:01,8.01301211036892
2019-08-17 16:00:01,7.95402108727804
2019-08-17 17:00:01,8.05261481881557
2019-08-17 18:00:01,8.05801080080209
2019-08-17 19:00:01,8.1656479252975
2019-08-17 20:00:01,8.12563098847706
2019-08-17 21:00:01,7.80384330353877
2019-08-17 22:00:01,7.53422832627409
2019-08-17 23:00:01,7.3375877435386
2019-08-18 00:00:01,6.93828448401696
2019-08-18 01:00:01,6.58063913728495
2019-08-18 02:00:01,6.12468339089421
2019-08-18 03:00:01,5.76832099579377
2019-08-18 04:00:01,5.01727983681492
2019-08-18 05:00:01,4.89034912822175
2019-08-18 06:00:01,4.62497281328427
2019-08-18 07:00:01,4.89034912822175
2019-08-18 08:00:01,5.72358510195238
2019-08-18 09:00:01,6.42648845745769
2019-08-18 10:00:01,6.98656645940643
2019-08-18 11:00:01,7.27031288607902
2019-08-18 12:00:01,7.67832635650689
2019-08-18 13:00:01,7.84345640437612
2019-08-18 14:00:01,7.73455884435476
2019-08-18 15:00:01,7.43661726523423
2019-08-18 16:00:01,7.45645455517621
2019-08-18 17:00:01,7.54380286750151
2019-08-18 18:00:01,7.72665366484764
2019-08-18 19:00:01,7.63094658089046
2019-08-18 20:00:01,7.4318919168078
2019-08-18 21:00:01,7.0825485693553
2019-08-18 22:00:01,6.58892647753352
2019-08-18 23:00:01,5.95324333428778
2019-08-19 00:00:01,5.28320372873799
2019-08-19 01:00:01,4.52178857704904
2019-08-19 02:00:01,4.39444915467244
2019-08-19 03:00:01,3.2188758248682
2019-08-19 04:00:01,3.58351893845611
2019-08-19 05:00:01,4.17438726989564
2019-08-19 06:00:01,4.96284463025991
2019-08-19 07:00:01,5.91350300563827
2019-08-19 08:00:01,6.55677835615804
2019-08-19 09:00:01,6.64509096950564
2019-08-19 10:00:01,6.91174730025167
2019-08-19 11:00:01,7.19743535409659
2019-08-19 12:00:01,7.62168499872461
2019-08-19 13:00:01,7.58222919427646
2019-08-19 14:00:01,7.54327334670545
2019-08-19 15:00:01,7.48829351515943
2019-08-19 16:00:01,7.5963923040642
2019-08-19 17:00:01,7.77485576666552
2019-08-19 18:00:01,7.73805229768932
2019-08-19 19:00:01,7.55851674304564
2019-08-19 20:00:01,7.39694860262101
2019-08-19 21:00:01,7.09423484592476
2019-08-19 22:00:01,6.66185474054531
2019-08-19 23:00:01,5.94017125272043
2019-08-20 00:00:01,5.19849703126583
2019-08-20 01:00:01,4.68213122712422
2019-08-20 02:00:01,3.91202300542815
2019-08-20 03:00:01,3.80666248977032
2019-08-20 04:00:01,3.17805383034795
2019-08-20 05:00:01,4.18965474202643
2019-08-20 06:00:01,5.16478597392351
2019-08-20 07:00:01,6.00388706710654
2019-08-20 08:00:01,6.65027904858742
2019-08-20 09:00:01,6.63987583382654
2019-08-20 10:00:01,6.9555926083963
2019-08-20 11:00:01,7.22548147278229
2019-08-20 12:00:01,7.66199755890189
2019-08-20 13:00:01,7.64108424917491
2019-08-20 14:00:01,7.61283103040736
2019-08-20 15:00:01,7.62997570702779
2019-08-20 16:00:01,7.70571282389443
2019-08-20 17:00:01,7.85593219971861
2019-08-20 18:00:01,7.88231491898027
2019-08-20 19:00:01,7.74975340627444
2019-08-20 20:00:01,7.56837926783652
2019-08-20 21:00:01,7.31455283232408
2019-08-20 22:00:01,6.77308037565554
2019-08-20 23:00:01,6.19236248947487
2019-08-21 00:00:01,5.51745289646471
2019-08-21 01:00:01,4.89783979995091
2019-08-21 02:00:01,4.00733318523247
2019-08-21 03:00:01,3.98898404656427
2019-08-21 04:00:01,3.71357206670431
2019-08-21 05:00:01,4.45434729625351
2019-08-21 06:00:01,5.06259503302697
2019-08-21 07:00:01,5.9427993751267
2019-08-21 08:00:01,6.68586094706836
2019-08-21 09:00:01,6.75809450442773
2019-08-21 10:00:01,6.96318998587024
2019-08-21 11:00:01,7.3132203870903
2019-08-21 12:00:01,7.72400465667607
2019-08-21 13:00:01,7.77737360265786
2019-08-21 14:00:01,7.66996199547358
2019-08-21 15:00:01,7.67182679787878
2019-08-21 16:00:01,7.76174498465891
2019-08-21 17:00:01,7.90507284949867
2019-08-21 18:00:01,7.91571319938212
2019-08-21 19:00:01,7.75276480885133
2019-08-21 20:00:01,7.61628356158038
2019-08-21 21:00:01,7.30988148582479
2019-08-21 22:00:01,6.87316383421252
2019-08-21 23:00:01,6.06842558824411
2019-08-22 00:00:01,5.47646355193151
2019-08-22 01:00:01,4.76217393479776
2019-08-22 02:00:01,4.23410650459726
2019-08-22 03:00:01,3.73766961828337
2019-08-22 04:00:01,3.78418963391826
2019-08-22 05:00:01,4.47733681447821
2019-08-22 06:00:01,5.20948615284142
2019-08-22 07:00:01,5.89989735358249
2019-08-22 08:00:01,6.58892647753352
2019-08-22 09:00:01,6.64509096950564
2019-08-22 10:00:01,7.09754885061479
2019-08-22 11:00:01,7.33171496972647
2019-08-22 12:00:01,7.75147531802146
2019-08-22 13:00:01,7.71467747380093
2019-08-22 14:00:01,7.71556953452021
2019-08-22 15:00:01,7.63916117165917
2019-08-22 16:00:01,7.72444664563354
2019-08-22 17:00:01,7.99159228206809
2019-08-22 18:00:01,8.01268092970684
2019-08-22 19:00:01,7.90100705199242
2019-08-22 20:00:01,7.83597458172157
2019-08-22 21:00:01,7.7510451179718
2019-08-22 22:00:01,7.60638738977265
2019-08-22 23:00:01,7.00215595440362
2019-08-23 00:00:01,6.44888939414686
2019-08-23 01:00:01,5.70711026474888
2019-08-23 02:00:01,5.11799381241676
2019-08-23 03:00:01,4.83628190695148
2019-08-23 04:00:01,4.31748811353631
2019-08-23 05:00:01,4.30406509320417
2019-08-23 06:00:01,5.18738580584075
2019-08-23 07:00:01,5.90263333340137
2019-08-23 08:00:01,6.59167373200866
2019-08-23 09:00:01,6.64378973314767
2019-08-23 10:00:01,7.0833878476253
2019-08-23 11:00:01,7.39572160860205
2019-08-23 12:00:01,7.84502441724148
2019-08-23 13:00:01,7.81359155295243
2019-08-23 14:00:01,7.75619534394812
2019-08-23 15:00:01,7.78862606562503
2019-08-23 16:00:01,7.9098566672694
2019-08-23 17:00:01,8.14670905220332
2019-08-23 18:00:01,8.2960476427647
2019-08-23 19:00:01,8.28425179762192
2019-08-23 20:00:01,8.28121766128665
2019-08-23 21:00:01,8.32627478739676
2019-08-23 22:00:01,8.23137604557397
2019-08-23 23:00:01,7.97108575350561
2019-08-24 00:00:01,7.54486106865846
2019-08-24 01:00:01,6.79234442747081
2019-08-24 02:00:01,6.19031540585315
2019-08-24 03:00:01,5.98393628068719
2019-08-24 04:00:01,4.92725368515721
2019-08-24 05:00:01,4.89034912822175
2019-08-24 06:00:01,4.99043258677874
2019-08-24 07:00:01,5.47227067367148
2019-08-24 08:00:01,5.96870755998537
2019-08-24 09:00:01,6.50727771238501
2019-08-24 10:00:01,6.86693328446188
2019-08-24 11:00:01,7.31721240835984
2019-08-24 12:00:01,7.64156444126097
2019-08-24 13:00:01,7.76556908109732
2019-08-24 14:00:01,7.85476918349913
2019-08-24 15:00:01,7.86249719723055
2019-08-24 16:00:01,7.89655270164304
2019-08-24 17:00:01,8.04269949689764
2019-08-24 18:00:01,8.18535022317869
2019-08-24 19:00:01,8.29154650988391
2019-08-24 20:00:01,8.33182700443606
2019-08-24 21:00:01,8.30523682949259
2019-08-24 22:00:01,8.15334975799889
2019-08-24 23:00:01,7.97487690055888
2019-08-25 00:00:01,7.48885295573346
2019-08-25 01:00:01,7.09506437728713
2019-08-25 02:00:01,6.45833828334479
2019-08-25 03:00:01,5.94803498918065
2019-08-25 04:00:01,5.24702407216049
2019-08-25 05:00:01,4.99043258677874
2019-08-25 06:00:01,4.61512051684126
2019-08-25 07:00:01,5.06259503302697
2019-08-25 08:00:01,5.50125821054473
2019-08-25 09:00:01,6.1463292576689
2019-08-25 10:00:01,6.80350525760834
2019-08-25 11:00:01,7.21229446850034
2019-08-25 12:00:01,7.64156444126097
2019-08-25 13:00:01,7.71154897962915
2019-08-25 14:00:01,7.72001794043224
2019-08-25 15:00:01,7.66622192566273
2019-08-25 16:00:01,7.71467747380093
2019-08-25 17:00:01,7.7484600238997
2019-08-25 18:00:01,7.70300768247924
2019-08-25 19:00:01,7.71333788887187
2019-08-25 20:00:01,7.52617891334615
2019-08-25 21:00:01,7.20191631753163
2019-08-25 22:00:01,6.77992190747225
2019-08-25 23:00:01,6.45990445437753
2019-08-26 00:00:01,5.63121178182137
2019-08-26 01:00:01,4.70953020131233
2019-08-26 02:00:01,4.58496747867057
2019-08-26 03:00:01,3.58351893845611
2019-08-26 04:00:01,3.97029191355212
2019-08-26 05:00:01,4.47733681447821
2019-08-26 06:00:01,5.09375020080676
2019-08-26 07:00:01,5.8664680569333
2019-08-26 08:00:01,6.67708346124714
2019-08-26 09:00:01,6.70441435496411
2019-08-26 10:00:01,6.92755790627832
2019-08-26 11:00:01,7.2991214627108
2019-08-26 12:00:01,7.70526247486633
2019-08-26 13:00:01,7.71824095195932
2019-08-26 14:00:01,7.67229245562876
2019-08-26 15:00:01,7.60837447438078
2019-08-26 16:00:01,7.67182679787878
2019-08-26 17:00:01,7.79358680337158
2019-08-26 18:00:01,7.79605797431612
2019-08-26 19:00:01,7.59588991771854
2019-08-26 20:00:01,7.50328963067508
2019-08-26 21:00:01,7.23128700432762
2019-08-26 22:00:01,6.61069604471776
2019-08-26 23:00:01,6.09356977004514
2019-08-27 00:00:01,5.11799381241676
2019-08-27 01:00:01,4.39444915467244
2019-08-27 02:00:01,4.14313472639153
2019-08-27 03:00:01,3.58351893845611
2019-08-27 04:00:01,3.63758615972639
2019-08-27 05:00:01,4.07753744390572
2019-08-27 06:00:01,5.28320372873799
2019-08-27 07:00:01,6.00388706710654
2019-08-27 08:00:01,6.67582322163485
2019-08-27 09:00:01,6.7202201551353
2019-08-27 10:00:01,6.87626461189077
2019-08-27 11:00:01,7.18690102041163
2019-08-27 12:00:01,7.73892375743946
2019-08-27 13:00:01,7.7484600238997
2019-08-27 14:00:01,7.69621263934641
2019-08-27 15:00:01,7.61480536471107
2019-08-27 16:00:01,7.73499619402278
2019-08-27 17:00:01,7.86978390253015
2019-08-27 18:00:01,7.87435882472988
2019-08-27 19:00:01,7.68616230349291
2019-08-27 20:00:01,7.57814547241947
2019-08-27 21:00:01,7.25841215059531
2019-08-27 22:00:01,6.76157276880406
2019-08-27 23:00:01,6.13122648948314
2019-08-28 00:00:01,5.48479693349065
2019-08-28 01:00:01,4.61512051684126
2019-08-28 02:00:01,4.20469261939097
2019-08-28 03:00:01,3.63758615972639
2019-08-28 04:00:01,3.71357206670431
2019-08-28 05:00:01,4.26267987704132
2019-08-28 06:00:01,5.15905529921453
2019-08-28 07:00:01,5.88887795833288
2019-08-28 08:00:01,6.67834211465433
2019-08-28 09:00:01,6.60123011872888
2019-08-28 10:00:01,6.98100574072173
2019-08-28 11:00:01,7.22256601882217
2019-08-28 12:00:01,7.63046126178363
2019-08-28 13:00:01,7.37400185935016
2019-08-28 14:00:01,7.27031288607902
2019-08-28 15:00:01,7.32974968904151
2019-08-28 16:00:01,7.33888813383888
2019-08-28 17:00:01,7.71199650704767
2019-08-28 18:00:01,7.67693714581808
2019-08-28 19:00:01,7.69712131728263
2019-08-28 20:00:01,7.54168309988211
2019-08-28 21:00:01,7.23489842031483
2019-08-28 22:00:01,6.68835471394676
2019-08-28 23:00:01,6.18208490671663
2019-08-29 00:00:01,5.32300997913841
2019-08-29 01:00:01,4.71849887129509
2019-08-29 02:00:01,4.12713438504509
2019-08-29 03:00:01,3.8286413964891
2019-08-29 04:00:01,3.52636052461616
2019-08-29 05:00:01,4.31748811353631
2019-08-29 06:00:01,5.18178355029209
2019-08-29 07:00:01,5.81413053182507
2019-08-29 08:00:01,6.62804137617953
2019-08-29 09:00:01,6.59304453414244
2019-08-29 10:00:01,6.96696713861398
2019-08-29 11:00:01,7.20934025660291
2019-08-29 12:00:01,7.74586822979227
2019-08-29 13:00:01,7.76514490293613
2019-08-29 14:00:01,7.64300363556072
2019-08-29 15:00:01,7.63819824428578
2019-08-29 16:00:01,7.66340766489348
2019-08-29 17:00:01,7.85399308722424
2019-08-29 18:00:01,7.8811822022271
2019-08-29 19:00:01,7.65254569269392
2019-08-29 20:00:01,7.57660976697304
2019-08-29 21:00:01,7.49052940206071
2019-08-29 22:00:01,7.02731451403978
2019-08-29 23:00:01,6.40687998606931
2019-08-30 00:00:01,5.59842195899838
2019-08-30 01:00:01,5.19849703126583
2019-08-30 02:00:01,4.76217393479776
2019-08-30 03:00:01,4.84418708645859
2019-08-30 04:00:01,4.0943445622221
2019-08-30 05:00:01,4.26267987704132
2019-08-30 06:00:01,5.16478597392351
2019-08-30 07:00:01,5.81413053182507
2019-08-30 08:00:01,6.69703424766648
2019-08-30 09:00:01,6.64509096950564
2019-08-30 10:00:01,7.2848209125686
2019-08-30 11:00:01,7.60439634879634
2019-08-30 12:00:01,7.97315543344413
2019-08-30 13:00:01,8.04366335239394
2019-08-30 14:00:01,7.89543600694297
2019-08-30 15:00:01,7.74975340627444
2019-08-30 16:00:01,7.85825418218603
2019-08-30 17:00:01,7.99799931797973
2019-08-30 18:00:01,8.10198073185319
2019-08-30 19:00:01,7.97246601597457
2019-08-30 20:00:01,7.93773177526011
2019-08-30 21:00:01,7.88306935130575
2019-08-30 22:00:01,7.62705741701893
2019-08-30 23:00:01,7.28619171470238
2019-08-31 00:00:01,6.74993119378857
2019-08-31 01:00:01,6.0330862217988
2019-08-31 02:00:01,5.79909265446053
2019-08-31 03:00:01,5.52545293913178
2019-08-31 04:00:01,4.97673374242057
2019-08-31 05:00:01,4.90527477843843
2019-08-31 06:00:01,3.93182563272433
2019-08-31 07:00:01,5.06259503302697
2019-08-31 08:00:01,5.7268477475872
2019-08-31 09:00:01,6.4281052726846
2019-08-31 10:00:01,6.84161547647759
2019-08-31 11:00:01,7.18690102041163
2019-08-31 12:00:01,7.60936653795421
2019-08-31 13:00:01,7.82923253754359
2019-08-31 14:00:01,7.89095671613892
2019-08-31 15:00:01,7.87092959675514
2019-08-31 16:00:01,7.8739783796045
2019-08-31 17:00:01,7.99799931797973
2019-08-31 18:00:01,7.89989532313973
2019-08-31 19:00:01,7.98104975966596
2019-08-31 20:00:01,7.8811822022271
2019-08-31 21:00:01,7.74500280351584
2019-08-31 22:00:01,7.54960916515453
2019-08-31 23:00:01,7.31388683163346
2019-09-01 00:00:01,6.82871207164168
2019-09-01 01:00:01,6.46302945692067
2019-09-01 02:00:01,5.85220247977447
2019-09-01 03:00:01,5.82008293035236
2019-09-01 04:00:01,5.03695260241363
2019-09-01 05:00:01,4.68213122712422
2019-09-01 06:00:01,4.8283137373023
2019-09-01 07:00:01,4.81218435537242
2019-09-01 08:00:01,5.48893772615669
2019-09-01 09:00:01,6.10924758276437
2019-09-01 10:00:01,6.5792512120101
2019-09-01 11:00:01,6.93731408122368
2019-09-01 12:00:01,7.36960072052641
2019-09-01 13:00:01,7.61085279039525
2019-09-01 14:00:01,7.77779262633883
2019-09-01 15:00:01,7.5109777520141
2019-09-01 16:00:01,7.28550654852279
2019-09-01 17:00:01,7.48099216286952
2019-09-01 18:00:01,7.58171964012531
2019-09-01 19:00:01,7.53422832627409
2019-09-01 20:00:01,7.37086016653672
2019-09-01 21:00:01,6.97354301952014
2019-09-01 22:00:01,6.50428817353665
2019-09-01 23:00:01,6.00881318544259
2019-09-02 00:00:01,5.4510384535657
2019-09-02 01:00:01,4.75359019110636
2019-09-02 02:00:01,3.87120101090789
2019-09-02 03:00:01,4.00733318523247
2019-09-02 04:00:01,3.61091791264422
2019-09-02 05:00:01,4.18965474202643
2019-09-02 06:00:01,5.01727983681492
2019-09-02 07:00:01,5.90263333340137
2019-09-02 08:00:01,6.56667242980324
2019-09-02 09:00:01,6.48157712927643
2019-09-02 10:00:01,6.86171134048073
2019-09-02 11:00:01,6.98841318199959
2019-09-02 12:00:01,7.56734567601324
2019-09-02 13:00:01,7.55328660560042
2019-09-02 14:00:01,7.49720722320332
2019-09-02 15:00:01,7.53849499941346
2019-09-02 16:00:01,7.57865685059476
2019-09-02 17:00:01,7.77737360265786
2019-09-02 18:00:01,7.65539064482615
2019-09-02 19:00:01,7.60090245954208
2019-09-02 20:00:01,7.43602781635185
2019-09-02 21:00:01,7.028201432058
2019-09-02 22:00:01,6.59167373200866
2019-09-02 23:00:01,5.87773578177964
2019-09-03 00:00:01,5.40717177146012
2019-09-03 01:00:01,4.65396035015752
2019-09-03 02:00:01,4.18965474202643
2019-09-03 03:00:01,3.95124371858143
2019-09-03 04:00:01,3.43398720448515
2019-09-03 05:00:01,4.34380542185368
2019-09-03 06:00:01,5.23644196282995
2019-09-03 07:00:01,5.87773578177964
2019-09-03 08:00:01,6.57368016696065
2019-09-03 09:00:01,6.63987583382654
2019-09-03 10:00:01,6.78784498230958
2019-09-03 11:00:01,7.14834574390007
2019-09-03 12:00:01,7.64969262371151
2019-09-03 13:00:01,7.62705741701893
2019-09-03 14:00:01,7.54115245513631
2019-09-03 15:00:01,7.56527528189893
2019-09-03 16:00:01,7.53315880745556
2019-09-03 17:00:01,7.80791662892641
2019-09-03 18:00:01,7.79028238070348
2019-09-03 19:00:01,7.69893619981345
2019-09-03 20:00:01,7.48211892355212
2019-09-03 21:00:01,7.15070145759253
2019-09-03 22:00:01,6.66185474054531
2019-09-03 23:00:01,6.03548143252476
2019-09-04 00:00:01,5.47646355193151
2019-09-04 01:00:01,4.85203026391962
2019-09-04 02:00:01,3.8286413964891
2019-09-04 03:00:01,3.43398720448515
2019-09-04 04:00:01,3.46573590279973
2019-09-04 05:00:01,4.58496747867057
2019-09-04 06:00:01,5.27299955856375
2019-09-04 07:00:01,5.92425579741453
2019-09-04 08:00:01,6.62936325343745
2019-09-04 09:00:01,6.62406522779989
2019-09-04 10:00:01,6.84161547647759
2019-09-04 11:00:01,7.22475340576797
2019-09-04 12:00:01,7.67600993202889
2019-09-04 13:00:01,7.65491704784832
2019-09-04 14:00:01,7.44658509915773
2019-09-04 15:00:01,7.57967882309046
2019-09-04 16:00:01,7.56371966841437
2019-09-04 17:00:01,7.82084087990734
2019-09-04 18:00:01,7.80954132465341
2019-09-04 19:00:01,7.67693714581808
2019-09-04 20:00:01,7.46450983463653
2019-09-04 21:00:01,7.3664451483276
2019-09-04 22:00:01,6.91473089271856
2019-09-04 23:00:01,6.36647044773144
2019-09-05 00:00:01,5.57594910314632
2019-09-05 01:00:01,4.90527477843843
2019-09-05 02:00:01,4.14313472639153
2019-09-05 03:00:01,3.58351893845611
2019-09-05 04:00:01,3.29583686600433
2019-09-05 05:00:01,4.36944785246702
2019-09-05 06:00:01,5.19849703126583
2019-09-05 07:00:01,5.85507192220243
2019-09-05 08:00:01,6.61204103483309
2019-09-05 09:00:01,6.61873898351722
2019-09-05 10:00:01,6.89972310728487
2019-09-05 11:00:01,7.14598446771439
2019-09-05 12:00:01,7.65539064482615
2019-09-05 13:00:01,7.65396918047877
2019-09-05 14:00:01,7.53369370984863
2019-09-05 15:00:01,7.55799495853081
2019-09-05 16:00:01,7.6231530684769
2019-09-05 17:00:01,7.75061473277041
2019-09-05 18:00:01,7.80832305039106
2019-09-05 19:00:01,7.59085212368858
2019-09-05 20:00:01,7.48773376143644
2019-09-05 21:00:01,7.34148385236316
2019-09-05 22:00:01,6.92755790627832
2019-09-05 23:00:01,6.34035930372775
2019-09-06 00:00:01,5.90263333340137
2019-09-06 01:00:01,5.24702407216049
2019-09-06 02:00:01,4.90527477843843
2019-09-06 03:00:01,4.55387689160054
2019-09-06 04:00:01,3.91202300542815
2019-09-06 05:00:01,4.59511985013459
2019-09-06 06:00:01,5.24174701505964
2019-09-06 07:00:01,5.75574221358691
2019-09-06 08:00:01,6.5792512120101
2019-09-06 09:00:01,6.48768401848461
2019-09-06 10:00:01,6.87729607149743
2019-09-06 11:00:01,7.14598446771439
2019-09-06 12:00:01,7.65681009148038
2019-09-06 13:00:01,7.60936653795421
2019-09-06 14:00:01,7.28207365809346
2019-09-06 15:00:01,7.56112158953024
2019-09-06 16:00:01,7.70391020961631
2019-09-06 17:00:01,7.97453284413023
2019-09-06 18:00:01,8.21093973337902
2019-09-06 19:00:01,7.83873755959928
2019-09-06 20:00:01,7.7591874385078
2019-09-06 21:00:01,7.73630709654828
2019-09-06 22:00:01,7.60489448081162
2019-09-06 23:00:01,7.2991214627108
2019-09-07 00:00:01,6.75925527066369
2019-09-07 01:00:01,6.25958146406492
2019-09-07 02:00:01,5.69035945432406
2019-09-07 03:00:01,5.50125821054473
2019-09-07 04:00:01,4.969813299576
2019-09-07 05:00:01,4.82028156560504
2019-09-07 06:00:01,4.47733681447821
2019-09-07 07:00:01,5.17614973257383
2019-09-07 08:00:01,5.68017260901707
2019-09-07 09:00:01,6.13988455222626
2019-09-07 10:00:01,6.74993119378857
2019-09-07 11:00:01,7.1276936993474
2019-09-07 12:00:01,7.47760424319759
2019-09-07 13:00:01,7.66246781520024
2019-09-07 14:00:01,7.722677516468
2019-09-07 15:00:01,7.76853330092603
2019-09-07 16:00:01,7.72312009226633
2019-09-07 17:00:01,7.83636976054512
2019-09-07 18:00:01,7.84737183615979
2019-09-07 19:00:01,7.93773177526011
2019-09-07 20:00:01,7.90248743716286
2019-09-07 21:00:01,7.71556953452021
2019-09-07 22:00:01,7.35308192051543
2019-09-07 23:00:01,7.26262860097424
